l,Stot,MAPKpp,MI,StotNative
0.5,1.5,0.5357718795932972,3.938520168076811,1.5
0.5,2.326530612244898,0.6970920656603051,5.002424820925035,1.5
0.5,3.1530612244897958,0.8089915331062641,5.132243840460498,1.5
0.5,3.979591836734694,0.8828597982040319,4.854806406831231,1.5
0.5,4.8061224489795915,0.9309057929657422,4.449832113080968,1.5
0.5,5.63265306122449,0.9617535462099178,4.02343558195006,1.5
0.5,6.459183673469388,0.9810279495887179,3.61850775223544,1.5
0.5,7.285714285714286,0.9923664868259111,3.248291567010952,1.5
0.5,8.112244897959183,0.9981542252762946,2.9134437227752468,1.5
0.5,8.938775510204081,0.9999884733200514,2.609956800583029,1.5
0.5,9.76530612244898,0.9989635746147335,2.33409878935545,1.5
0.5,10.591836734693878,0.9958459580638905,2.0806068763619643,1.5
0.5,11.418367346938776,0.991183425071242,1.8464458184142483,1.5
0.5,12.244897959183675,0.9853747836851328,1.6295314219755925,1.5
0.5,13.071428571428571,0.9787151843796916,1.4270227380013558,1.5
0.5,13.89795918367347,0.9714262703259918,1.2384559687250063,1.5
0.5,14.724489795918368,0.9636766358593633,1.0599377552290108,1.5
0.5,15.551020408163266,0.9555959728651898,0.8935096870456047,1.5
0.5,16.377551020408163,0.9472850245008451,0.7376610609639762,1.5
0.5,17.20408163265306,0.9388227029255221,0.5914103229610154,1.5
0.5,18.03061224489796,0.9302712557744933,0.45372892172601537,1.5
0.5,18.857142857142858,0.9216800686769304,0.32407928601736985,1.5
0.5,19.683673469387756,0.9130885002088766,0.20251842209345286,1.5
0.5,20.510204081632654,0.9045280210545102,0.08925776687207508,1.5
0.5,21.336734693877553,0.8960238462511162,-0.017501210686956273,1.5
0.5,22.16326530612245,0.8875961863264445,0.7386698478619462,1.5
0.5,22.98979591836735,0.8792612642075686,-0.21078136140090567,1.5
0.5,23.816326530612244,0.871032011138004,-0.29820608389697123,1.5
0.5,24.642857142857142,0.8629187507004864,-0.3805476464032959,1.5
0.5,25.46938775510204,0.8549296490815091,-0.4574451583734703,1.5
0.5,26.29591836734694,0.8470711144274009,-0.5286589502375606,1.5
0.5,27.122448979591837,0.8393481144704465,-0.5962805167497096,1.5
0.5,27.948979591836736,0.8317644354027098,-0.6591107989705648,1.5
0.5,28.775510204081634,0.8243228943116852,-0.7178876653235547,1.5
0.5,29.602040816326532,0.8170255143948997,-0.7722497802924329,1.5
0.5,30.42857142857143,0.8098736703465919,-0.8239350260529892,1.5
0.5,31.25510204081633,0.8028682095404036,-0.8720025925324029,1.5
0.5,32.08163265306123,0.7960095536756983,-0.917037081256359,1.5
0.5,32.90816326530612,0.7892977844094613,-0.9588435737490939,1.5
0.5,33.734693877551024,0.7827327159112802,-0.9980561648634173,1.5
0.5,34.56122448979592,0.7763139566773952,-1.0354324346070425,1.5
0.5,35.38775510204082,0.7700409625214238,-1.0698900148193888,1.5
0.5,36.214285714285715,0.7639130823397694,-1.1012601100898007,1.5
0.5,37.04081632653061,0.7579295979144898,-1.131293324633585,1.5
0.5,37.86734693877551,0.7520897497776649,-0.5405419424278797,1.5
0.5,38.69387755102041,0.7463928136024744,-1.1850127700543698,1.5
0.5,39.52040816326531,0.7408380369477406,-1.2087479405541492,1.5
0.5,40.3469387755102,0.7354247556672376,-1.2305045065575897,1.5
0.5,41.173469387755105,0.7301523715217131,-1.2508528132940693,1.5
0.5,42.0,0.7250203833561221,-1.269071574437374,1.5
0.5208333333333334,1.5,0.5488271705906804,4.010617423775058,1.5
0.5208333333333334,2.326530612244898,0.7116625609178819,4.989684046642831,1.5
0.5208333333333334,3.1530612244897958,0.8220717125240765,5.047619386106799,1.5
0.5208333333333334,3.979591836734694,0.8935665365035371,4.728435554690765,1.5
0.5208333333333334,4.8061224489795915,0.9391986882053959,4.302417232935438,1.5
0.5208333333333334,5.63265306122449,0.9678580211450375,3.867105059131864,1.5
0.5208333333333334,6.459183673469388,0.9852209822584974,3.462907054173837,1.5
0.5208333333333334,7.285714285714286,0.9949063211978887,3.091735839519627,1.5
0.5208333333333334,8.112244897959183,0.9992626218260279,2.759528885306927,1.5
0.5208333333333334,8.938775510204081,0.9998507101516668,2.459376875201796,1.5
0.5208333333333334,9.76530612244898,0.9977335253858959,2.186606190777739,1.5
0.5208333333333334,10.591836734693878,0.9936518612313389,1.9352871760691668,1.5
0.5208333333333334,11.418367346938776,0.9881329906341608,1.7041043244018976,1.5
0.5208333333333334,12.244897959183675,0.9815593550120255,1.4887681264685377,1.5
0.5208333333333334,13.071428571428571,0.9742130181012769,1.2886990622199,1.5
0.5208333333333334,13.89795918367347,0.9663050914607595,1.1031930478732859,1.5
0.5208333333333334,14.724489795918368,0.9579956213089935,0.9274261453373948,1.5
0.5208333333333334,15.551020408163266,0.9494072951902821,0.7640398012896267,1.5
0.5208333333333334,16.377551020408163,0.9406350597602585,0.610385417461171,1.5
0.5208333333333334,17.20408163265306,0.9317529822267879,0.46761538103688793,1.5
0.5208333333333334,18.03061224489796,0.922819221204211,0.33286772191142744,1.5
0.5208333333333334,18.857142857142858,0.9138796791093594,0.2073135484829549,1.5
0.5208333333333334,19.683673469387756,0.9049707216854381,0.08941797290760427,1.5
0.5208333333333334,20.510204081632654,0.8961212276352165,-0.02039021789035693,1.5
0.5208333333333334,21.336734693877553,0.8873541511569232,-0.12319816707441068,1.5
0.5208333333333334,22.16326530612245,0.8786877258193564,-0.21874688724195476,1.5
0.5208333333333334,22.98979591836735,0.8701364013042477,-0.3075758001355569,1.5
0.5208333333333334,23.816326530612244,0.8617115789067148,-0.3911336112612648,1.5
0.5208333333333334,24.642857142857142,0.8534221940407073,-0.4686384804678386,1.5
0.5208333333333334,25.46938775510204,0.8452751813132195,-0.5418469374584223,1.5
0.5208333333333334,26.29591836734694,0.8372758483613197,-0.6096066652718027,1.5
0.5208333333333334,27.122448979591837,0.8294281786906339,-0.6726832673719797,1.5
0.5208333333333334,27.948979591836736,0.821735078434438,-0.7308477778522614,1.5
0.5208333333333334,28.775510204081634,0.8141985787055912,-0.7864242535032081,1.5
0.5208333333333334,29.602040816326532,0.8068200024369975,-0.8377384258395298,1.5
0.5208333333333334,30.42857142857143,0.7996001028882673,-0.8854258240823873,1.5
0.5208333333333334,31.25510204081633,0.7925391700197305,-0.24247193105160245,1.5
0.5208333333333334,32.08163265306123,0.7856371727334375,-0.9713083228624809,1.5
0.5208333333333334,32.90816326530612,0.7788937499538078,-1.0099065153335274,1.5
0.5208333333333334,33.734693877551024,0.7723083707796297,-1.0460494677420475,1.5
0.5208333333333334,34.56122448979592,0.7658803484914192,-1.0791761648413238,1.5
0.5208333333333334,35.38775510204082,0.7596089009555091,-1.1103258278292187,1.5
0.5208333333333334,36.214285714285715,0.7534931861120067,-0.529869052833711,1.5
0.5208333333333334,37.04081632653061,0.747532386148952,-1.1657856999518619,1.5
0.5208333333333334,37.86734693877551,0.7417256522025713,-1.19054251745679,1.5
0.5208333333333334,38.69387755102041,0.7360722172332695,-0.6398631302104734,1.5
0.5208333333333334,39.52040816326531,0.7305714242566433,-1.2345132649012487,1.5
0.5208333333333334,40.3469387755102,0.7252226728780559,-1.2530001021920267,1.5
0.5208333333333334,41.173469387755105,0.7200255255659892,-0.73128915375051,1.5
0.5208333333333334,42.0,0.7149797315505408,-1.2864846142750321,1.5
0.5416666666666666,1.5,0.5615970395059332,4.072940929399123,1.5
0.5416666666666666,2.326530612244898,0.7255608812552524,4.973370364090322,1.5
0.5416666666666666,3.1530612244897958,0.8343018372261632,4.95850560360776,1.5
0.5416666666666666,3.979591836734694,0.9033952472012375,4.605320406598158,1.5
0.5416666666666666,4.8061224489795915,0.9466598294101898,4.159190502404603,1.5
0.5416666666666666,5.63265306122449,0.9732064182897474,3.7185325713287254,1.5
0.5416666666666666,6.459183673469388,0.9887410816295819,3.3102659495363267,1.5
0.5416666666666666,7.285714285714286,0.9968542560195328,2.944748337792699,1.5
0.5416666666666666,8.112244897959183,0.999854418394237,2.6154286822317983,1.5
0.5416666666666666,8.938775510204081,0.9992649788354261,2.3180805347507727,1.5
0.5416666666666666,9.76530612244898,0.9961176741883296,2.0477261417685653,1.5
0.5416666666666666,10.591836734693878,0.9911282881114849,1.79900103262419,1.5
0.5416666666666666,11.418367346938776,0.9848042977604361,1.571132521903221,1.5
0.5416666666666666,12.244897959183675,0.9775124831574126,1.3585662025304455,1.5
0.5416666666666666,13.071428571428571,0.9695224526126057,1.1602117108915146,1.5
0.5416666666666666,13.89795918367347,0.9610353274135743,0.9752756702352864,1.5
0.5416666666666666,14.724489795918368,0.952203061789026,0.8033396311220379,1.5
0.5416666666666666,15.551020408163266,0.9431417190573788,0.6431286661781282,1.5
0.5416666666666666,16.377551020408163,0.9339407644577505,0.49260285414468513,1.5
0.5416666666666666,17.20408163265306,0.9246696812484476,0.35232820707715257,1.5
0.5416666666666666,18.03061224489796,0.9153827555153331,0.2213749123883116,1.5
0.5416666666666666,18.857142857142858,0.9061225870744072,0.09920401385986402,1.5
0.5416666666666666,19.683673469387756,0.8969227004895004,-0.01430115989683521,1.5
0.5416666666666666,20.510204081632654,0.8878095111154998,-0.12046131236912709,1.5
0.5416666666666666,21.336734693877553,0.8788038227753129,-0.2188595125166657,1.5
0.5416666666666666,22.16326530612245,0.8699219808611596,-0.31052002035653054,1.5
0.5416666666666666,22.98979591836735,0.8611767690276418,-0.39578888864012696,1.5
0.5416666666666666,23.816326530612244,0.8525781129375958,-0.4749838064400118,1.5
0.5416666666666666,24.642857142857142,0.8441336373325913,-0.5487823419507513,1.5
0.5416666666666666,25.46938775510204,0.835849110454956,-0.6168058914604426,1.5
0.5416666666666666,26.29591836734694,0.8277288013613946,-0.6809300834053523,1.5
0.5416666666666666,27.122448979591837,0.8197757689845351,-0.7392481276807886,1.5
0.5416666666666666,27.948979591836736,0.811992097781639,-0.7944771613392794,1.5
0.5416666666666666,28.775510204081634,0.8043790907941434,-0.8464261195208128,1.5
0.5416666666666666,29.602040816326532,0.7969374289308544,-0.893546634511729,1.5
0.5416666666666666,30.42857142857143,0.7896673032736147,-0.9381590737243326,1.5
0.5416666666666666,31.25510204081633,0.782568525286969,-0.979253475818166,1.5
0.5416666666666666,32.08163265306123,0.7756406197501858,-1.0168679018405986,1.5
0.5416666666666666,32.90816326530612,0.7688829032460275,-1.0521605116535573,1.5
0.5416666666666666,33.734693877551024,0.7622945511948345,-1.08593032899127,1.5
0.5416666666666666,34.56122448979592,0.755874655527942,-1.1155101749750402,1.5
0.5416666666666666,35.38775510204082,0.7496222750034518,-1.1441521158692287,1.5
0.5416666666666666,36.214285714285715,0.7435364793171041,-1.1694714658171694,1.5
0.5416666666666666,37.04081632653061,0.7376163887485895,-1.1939634136568853,1.5
0.5416666666666666,37.86734693877551,0.7318612099102612,-1.2153951150602356,1.5
0.5416666666666666,38.69387755102041,0.7262702602539274,-0.6932825080287522,1.5
0.5416666666666666,39.52040816326531,0.720843043246789,-1.253568272133269,1.5
0.5416666666666666,40.3469387755102,0.7155791906171585,-1.2694642130407854,1.5
0.5416666666666666,41.173469387755105,0.7104785799602404,-1.283733971567146,1.5
0.5416666666666666,42.0,0.7055413120884042,-0.8006596335021747,1.5
0.5625,1.5,0.5740732003581118,4.131585623207145,1.5
0.5625,2.326530612244898,0.7388124410952399,4.945160264729663,1.5
0.5625,3.1530612244897958,0.8457376398366641,4.872256883349483,1.5
0.5625,3.979591836734694,0.9124185526897679,4.485792104093251,1.5
0.5625,4.8061224489795915,0.9533680446109405,4.022482346550948,1.5
0.5625,5.63265306122449,0.9778773735796059,3.577581065743021,1.5
0.5625,6.459183673469388,0.9916633934572595,3.1711475816976127,1.5
0.5625,7.285714285714286,0.9982804918088041,2.805466465466258,1.5
0.5625,8.112244897959183,0.9999944076253371,2.4803447654689985,1.5
0.5625,8.938775510204081,0.9982907006093903,2.1851901211856792,1.5
0.5625,9.76530612244898,0.9941703388122697,1.91743634237397,1.5
0.5625,10.591836734693878,0.988324812633276,1.6710724946120952,1.5
0.5625,11.418367346938776,0.9812425561125799,1.4443380613411305,1.5
0.5625,12.244897959183675,0.9732753807531432,1.2340235720857438,1.5
0.5625,13.071428571428571,0.9646810397463658,1.0377685053760588,1.5
0.5625,13.89795918367347,0.9556511708877944,0.8561046920271655,1.5
0.5625,14.724489795918368,0.9463300571187755,0.6868874878688845,1.5
0.5625,15.551020408163266,0.9368274842329387,0.5294428550536202,1.5
0.5625,16.377551020408163,0.9272277211291129,0.3821914849163185,1.5
0.5625,17.20408163265306,0.9175959017538149,0.24526767680558212,1.5
0.5625,18.03061224489796,0.9079826337102362,0.11773519218373413,1.5
0.5625,18.857142857142858,0.8984273757997471,-6.397410379221923e-05,1.5
0.5625,19.683673469387756,0.8889609473510095,-0.11007387361480278,1.5
0.5625,20.510204081632654,0.8796074162337897,-0.2114907358534668,1.5
0.5625,21.336734693877553,0.8703855360879207,-0.3062785876041284,1.5
0.5625,22.16326530612245,0.8613098522369919,-0.39393015935036274,1.5
0.5625,22.98979591836735,0.8523915612801516,-0.47440724067592543,1.5
0.5625,23.816326530612244,0.8436391853183386,-0.5500732738484869,1.5
0.5625,24.642857142857142,0.8350591054703171,-0.6188743283915733,1.5
0.5625,25.46938775510204,0.8266559872842866,-0.683576657864122,1.5
0.5625,26.29591836734694,0.818433122515033,-0.7433794394542701,1.5
0.5625,27.122448979591837,0.8103927057341792,-0.7994266347337297,1.5
0.5625,27.948979591836736,0.8025360595638252,-0.85117300610866,1.5
0.5625,28.775510204081634,0.7948638193689521,-0.8983348614324895,1.5
0.5625,29.602040816326532,0.7873760857812939,-0.9422175698880632,1.5
0.5625,30.42857142857143,0.7800725512195182,-0.9838426388373304,1.5
0.5625,31.25510204081633,0.7729526059476979,-1.0210126560944606,1.5
0.5625,32.08163265306123,0.7660154275419754,-1.0560190821632331,1.5
0.5625,32.90816326530612,0.7592600568938029,-1.0891054049562827,1.5
0.5625,33.734693877551024,0.7526854547245728,-0.5325887812702499,1.5
0.5625,34.56122448979592,0.7462906032278377,-1.1457591706893295,1.5
0.5625,35.38775510204082,0.7400744669771453,-1.1716609947531873,1.5
0.5625,36.214285714285715,0.7340361272594195,-1.1945085757708664,1.5
0.5625,37.04081632653061,0.7281747699558512,-0.6803647271345669,1.5
0.5625,37.86734693877551,0.7224897764956434,-1.23425470358959,1.5
0.5625,38.69387755102041,0.7169806731867672,-1.251774176641206,1.5
0.5625,39.52040816326531,0.7116472457294125,-0.7671713636295425,1.5
0.5625,40.3469387755102,0.7064895740295066,-1.2797201733150456,1.5
0.5625,41.173469387755105,0.7015079919564792,-1.2911862767565567,1.5
0.5625,42.0,0.6967032107191792,-1.300790877885479,1.5
0.5833333333333334,1.5,0.5862500387768366,4.181955636462484,1.5
0.5833333333333334,2.326530612244898,0.7514432880198174,4.914900770394406,1.5
0.5833333333333334,3.1530612244897958,0.856431598706921,4.7845203474341735,1.5
0.5833333333333334,3.979591836734694,0.9207026215454507,4.364718644230481,1.5
0.5833333333333334,4.8061224489795915,0.9593937625030827,3.8924031173124356,1.5
0.5833333333333334,5.63265306122449,0.9819402018500478,3.4461923006852655,1.5
0.5833333333333334,6.459183673469388,0.9940535141413019,3.0378485740344208,1.5
0.5833333333333334,7.285714285714286,0.9992458556700793,2.6762837981619167,1.5
0.5833333333333334,8.112244897959183,0.9997384002827704,2.352063301159648,1.5
0.5833333333333334,8.938775510204081,0.9969788078221469,2.060128476160889,1.5
0.5833333333333334,9.76530612244898,0.9919378766380654,1.794093425280807,1.5
0.5833333333333334,10.591836734693878,0.9852835759203574,1.5502837688932678,1.5
0.5833333333333334,11.418367346938776,0.9774860510434897,1.3252545068940507,1.5
0.5833333333333334,12.244897959183675,0.9688828141022134,1.1168674195307549,1.5
0.5833333333333334,13.071428571428571,0.9597203309298323,0.9239552959717168,1.5
0.5833333333333334,13.89795918367347,0.9501812269375518,0.7447736315271304,1.5
0.5833333333333334,14.724489795918368,0.9404025002904401,0.5780539918892438,1.5
0.5833333333333334,15.551020408163266,0.9304879749137898,0.4230156038729814,1.5
0.5833333333333334,16.377551020408163,0.9205169811121039,0.27908578243557297,1.5
0.5833333333333334,17.20408163265306,0.9105505147818592,0.14583612195721604,1.5
0.5833333333333334,18.03061224489796,0.9006356794106317,0.02246450605805802,1.5
0.5833333333333334,18.857142857142858,0.8908089381515466,-0.0920515994107578,1.5
0.5833333333333334,19.683673469387756,0.8810985278981346,-0.197775462779757,1.5
0.5833333333333334,20.510204081632654,0.8715262743891472,-0.2947852010389404,1.5
0.5833333333333334,21.336734693877553,0.8621089731192573,-0.38594572320094545,1.5
0.5833333333333334,22.16326530612245,0.8528594513222437,-0.4694179061799233,1.5
0.5833333333333334,22.98979591836735,0.8437873930639679,-0.546399298777215,1.5
0.5833333333333334,23.816326530612244,0.8348999860817846,-0.6176047943936296,1.5
0.5833333333333334,24.642857142857142,0.8262024333368408,-0.6833579315617333,1.5
0.5833333333333334,25.46938775510204,0.8176983607944092,-0.7432919482033022,1.5
0.5833333333333334,26.29591836734694,0.8093901450697129,-0.7998930115330416,1.5
0.5833333333333334,27.122448979591837,0.801279177874093,-0.8517175626337371,1.5
0.5833333333333334,27.948979591836736,0.793366082783173,-0.8997095568461607,1.5
0.5833333333333334,28.775510204081634,0.7856508915813235,-0.943642421495271,1.5
0.5833333333333334,29.602040816326532,0.7781331907556857,-0.9848153352613496,1.5
0.5833333333333334,30.42857142857143,0.7708122435969672,-1.022994505102281,1.5
0.5833333333333334,31.25510204081633,0.7636870924802476,-1.056909346625669,1.5
0.5833333333333334,32.08163265306123,0.756756645850463,-1.0895242931943088,1.5
0.5833333333333334,32.90816326530612,0.7500197527187746,-1.1188875686655342,1.5
0.5833333333333334,33.734693877551024,0.7434752676455811,-1.1464439170359637,1.5
0.5833333333333334,34.56122448979592,0.7371221080498453,-1.1711113978635386,1.5
0.5833333333333334,35.38775510204082,0.7309593058471124,-1.1932360234091774,1.5
0.5833333333333334,36.214285714285715,0.724986055086146,-1.2134524392799853,1.5
0.5833333333333334,37.04081632653061,0.7192017562725367,-1.2315933019962022,1.5
0.5833333333333334,37.86734693877551,0.7136060597395798,-1.2483242186401466,1.5
0.5833333333333334,38.69387755102041,0.7081988995753445,-0.7803642249998951,1.5
0.5833333333333334,39.52040816326531,0.7029805788506293,-1.2743574482879267,1.5
0.5833333333333334,40.3469387755102,0.6979517299453862,-1.285336363664833,1.5
0.5833333333333334,41.173469387755105,0.6931134376278038,-0.8467276379868492,1.5
0.5833333333333334,42.0,0.688467280388554,-0.8651261378805896,1.5
0.6041666666666666,1.5,0.5981242128840631,4.22808103784485,1.5
0.6041666666666666,2.326530612244898,0.7634796576916671,4.881833898177106,1.5
0.6041666666666666,3.1530612244897958,0.8664329322992143,4.698152559382077,1.5
0.6041666666666666,3.979591836734694,0.9283077008276506,4.249383810798381,1.5
0.6041666666666666,4.8061224489795915,0.96479994983294,3.7676559808334864,1.5
0.6041666666666666,5.63265306122449,0.985456123245537,3.316794461442242,1.5
0.6041666666666666,6.459183673469388,0.9959688613555826,2.913105351671235,1.5
0.6041666666666666,7.285714285714286,0.9998032264111301,2.5536850359820975,1.5
0.6041666666666666,8.112244897959183,0.999134647924393,2.2313352238409303,1.5
0.6041666666666666,8.938775510204081,0.9953731297189912,1.9419029921830628,1.5
0.6041666666666666,9.76530612244898,0.9894600150852355,1.6777073978945198,1.5
0.6041666666666666,10.591836734693878,0.9820405523966227,1.4352748473179013,1.5
0.6041666666666666,11.418367346938776,0.973567340995787,1.2126413472020885,1.5
0.6041666666666666,12.244897959183675,0.9643642336735657,1.0067935196399935,1.5
0.6041666666666666,13.071428571428571,0.9546669419327432,0.8159790423125057,1.5
0.6041666666666666,13.89795918367347,0.9446495150430972,0.6391745981982266,1.5
0.6041666666666666,14.724489795918368,0.9344420206106963,0.4751808858342783,1.5
0.6041666666666666,15.551020408163266,0.9241426077946354,0.3235190641158213,1.5
0.6041666666666666,16.377551020408163,0.9138259015142182,0.18317628766747537,1.5
0.6041666666666666,17.20408163265306,0.9035489502460393,0.05320605449073063,1.5
0.6041666666666666,18.03061224489796,0.8933555107451482,-0.06625412040482098,1.5
0.6041666666666666,18.857142857142858,0.8832791821268554,-0.17655972003871587,1.5
0.6041666666666666,19.683673469387756,0.8733457307566592,-0.2777062362850553,1.5
0.6041666666666666,20.510204081632654,0.8635748371616248,-0.3718695530001017,1.5
0.6041666666666666,21.336734693877553,0.8539814243508108,-0.45732227716764684,1.5
0.6041666666666666,22.16326530612245,0.8445766789786981,-0.5376423434417177,1.5
0.6041666666666666,22.98979591836735,0.8353688441031505,-0.6097818083642337,1.5
0.6041666666666666,23.816326530612244,0.8263638406687582,-0.678129334452741,1.5
0.6041666666666666,24.642857142857142,0.8175657585339856,-0.7394573485199715,1.5
0.6041666666666666,25.46938775510204,0.8089772479954782,-0.7971932603394019,1.5
0.6041666666666666,26.29591836734694,0.8005998340207056,-0.8498629746819807,1.5
0.6041666666666666,27.122448979591837,0.7924341706178729,-0.8983338625674874,1.5
0.6041666666666666,27.948979591836736,0.784480248150345,-0.9429782531803584,1.5
0.6041666666666666,28.775510204081634,0.7767375636686042,-0.9841594653614967,1.5
0.6041666666666666,29.602040816326532,0.7692052620522237,-1.021615610027158,1.5
0.6041666666666666,30.42857142857143,0.7618822542728158,-1.0566359396066263,1.5
0.6041666666666666,31.25510204081633,0.7547673079672222,-0.5185535820521401,1.5
0.6041666666666666,32.08163265306123,0.7478591774697021,-1.1177049926798683,1.5
0.6041666666666666,32.90816326530612,0.741156589709038,-1.1437361652272433,1.5
0.6041666666666666,33.734693877551024,0.734658398222908,-1.1682979680527255,1.5
0.6041666666666666,34.56122448979592,0.7283635983958512,-1.1903557432118228,1.5
0.6041666666666666,35.38775510204082,0.7222713826725626,-0.7073383762648299,1.5
0.6041666666666666,36.214285714285715,0.7163812352557766,-1.2280750152170496,1.5
0.6041666666666666,37.04081632653061,0.7106928972934894,-1.242956334506634,1.5
0.6041666666666666,37.86734693877551,0.7052065027747737,-1.2568012116274052,1.5
0.6041666666666666,38.69387755102041,0.6999225883495993,-1.2679441011755626,1.5
0.6041666666666666,39.52040816326531,0.6948421546342181,-1.2773799082622201,1.5
0.6041666666666666,40.3469387755102,0.6899667258544826,-1.2853515398778563,1.5
0.6041666666666666,41.173469387755105,0.685298412149638,-1.2903401697189782,1.5
0.6041666666666666,42.0,0.6808399793288537,-1.2935168059565312,1.5
0.625,1.5,0.6096943076778895,4.266489167861764,1.5
0.625,2.326530612244898,0.7749476385517273,4.842493535951077,1.5
0.625,3.1530612244897958,0.8757876779615155,4.611419181541146,1.5
0.625,3.979591836734694,0.9352886300724175,4.138483797575466,1.5
0.625,4.8061224489795915,0.9696429838322211,3.6482313850837733,1.5
0.625,5.63265306122449,0.9884793193161187,3.1965819650144134,1.5
0.625,6.459183673469388,0.997459830191518,2.7936504249978835,1.5
0.625,7.285714285714286,0.9999987200173767,2.4366266864081005,1.5
0.625,8.112244897959183,0.9982250137718724,2.116843227030403,1.5
0.625,8.938775510204081,0.9935115248990701,1.8292900752850392,1.5
0.625,9.76530612244898,0.9867709323310643,1.5674080287036656,1.5
0.625,10.591836734693878,0.9786265732595877,1.327019079436465,1.5
0.625,11.418367346938776,0.9695142225900548,1.1064234479302157,1.5
0.625,12.244897959183675,0.9597446814797868,0.9024514591130777,1.5
0.625,13.071428571428571,0.9495434050446583,0.7142185241265967,1.5
0.625,13.89795918367347,0.9390762692061766,0.5398736488354374,1.5
0.625,14.724489795918368,0.9284667352568807,0.37835163224437995,1.5
0.625,15.551020408163266,0.917807538599285,0.23034616300569608,1.5
0.625,16.377551020408163,0.907168810125686,0.09381260109428576,1.5
0.625,17.20408163265306,0.8966038235089859,-0.032658427604405266,1.5
0.625,18.03061224489796,0.8861531315706328,-0.1480875751375611,1.5
0.625,18.857142857142858,0.8758475818900027,0.5336231410504713,1.5
0.625,19.683673469387756,0.8657105961350398,-0.35200011087090327,1.5
0.625,20.510204081632654,0.8557597770021728,-0.44160580536208754,1.5
0.625,21.336734693877553,0.8460082636049004,-0.5229306635659651,1.5
0.625,22.16326530612245,0.8364656763137086,-0.5994260742110679,1.5
0.625,22.98979591836735,0.8271388870759476,-0.6687384026909446,1.5
0.625,23.816326530612244,0.8180326170599436,-0.7313696545322041,1.5
0.625,24.642857142857142,0.8091499088698934,-0.7907201681076467,1.5
0.625,25.46938775510204,0.8004924938529897,-0.19061205011850585,1.5
0.625,26.29591836734694,0.7920611384128655,-0.8936649504223109,1.5
0.625,27.122448979591837,0.7838558005476033,-0.9382357997293754,1.5
0.625,27.948979591836736,0.7758759177071359,-0.9794782110138968,1.5
0.625,28.775510204081634,0.7681205273190755,-1.0185116025380043,1.5
0.625,29.602040816326532,0.7605884124915607,-1.0532489681721013,1.5
0.625,30.42857142857143,0.7532782173307363,-1.0849276106845993,1.5
0.625,31.25510204081633,0.7461885459400447,-1.1143729675940806,1.5
0.625,32.08163265306123,0.7393180466608044,-1.1401654871419282,1.5
0.625,32.90816326530612,0.73266547421145,-0.24431557701258133,1.5
0.625,33.734693877551024,0.7262298227483258,-0.684203764830355,1.5
0.625,34.56122448979592,0.7200102845454138,-1.2052450732146192,1.5
0.625,35.38775510204082,0.714006372990676,-1.222286918602508,1.5
0.625,36.214285714285715,0.7082179934921701,-1.237232411020709,1.5
0.625,37.04081632653061,0.7026454756264219,-1.2506690232275701,1.5
0.625,37.86734693877551,0.6972896437401523,-1.2610544737000104,1.5
0.625,38.69387755102041,0.6921518829223241,-1.2693743391930423,1.5
0.625,39.52040816326531,0.6872342099447479,-1.2759068010592105,1.5
0.625,40.3469387755102,0.682539351518609,-1.2796758557792933,1.5
0.625,41.173469387755105,0.6780708310865434,-1.2814256800465984,1.5
0.625,42.0,0.6738330586897808,-0.9056990592757264,1.5
0.6458333333333333,1.5,0.6209605381676397,4.300396335781773,1.5
0.6458333333333333,2.326530612244898,0.785872912263438,4.802179159322418,1.5
0.6458333333333333,3.1530612244897958,0.8845387894710496,4.521642128302713,1.5
0.6458333333333333,3.979591836734694,0.941695326793856,4.032408529843342,1.5
0.6458333333333333,4.8061224489795915,0.9739733923488993,3.5366740662334473,1.5
0.6458333333333333,5.63265306122449,0.9910578418826534,3.081940220322308,1.5
0.6458333333333333,6.459183673469388,0.9985707699849664,2.680279169638389,1.5
0.6458333333333333,7.285714285714286,0.9998726782995956,2.3253277739810763,1.5
0.6458333333333333,8.112244897959183,0.9970459408229356,2.00856173071202,1.5
0.6458333333333333,8.938775510204081,0.9914268105753156,1.722571465902538,1.5
0.6458333333333333,9.76530612244898,0.9839001397328986,1.462070688886802,1.5
0.6458333333333333,10.591836734693878,0.9750681586301412,1.2241505946950437,1.5
0.6458333333333333,11.418367346938776,0.9653505123385588,1.005390014172511,1.5
0.6458333333333333,12.244897959183675,0.9550455239461506,0.8029572261809917,1.5
0.6458333333333333,13.071428571428571,0.9443688557443778,0.617464884475828,1.5
0.6458333333333333,13.89795918367347,0.9334785814580611,0.44571334529221096,1.5
0.6458333333333333,14.724489795918368,0.9224918525253648,0.2882094435554767,1.5
0.6458333333333333,15.551020408163266,0.9114962283068333,0.14323414078992408,1.5
0.6458333333333333,16.377551020408163,0.9005575376157734,0.01002015255695347,1.5
0.6458333333333333,17.20408163265306,0.8897254362868161,-0.11162242989596598,1.5
0.6458333333333333,18.03061224489796,0.8790374036561591,-0.22383093090595688,1.5
0.6458333333333333,18.857142857142858,0.8685216615636149,-0.3252027708723544,1.5
0.6458333333333333,19.683673469387756,0.858199337099708,-0.41972170607753007,1.5
0.6458333333333333,20.510204081632654,0.8480860859470002,-0.5041113399042353,1.5
0.6458333333333333,21.336734693877553,0.8381933257070456,-0.5836735232062399,1.5
0.6458333333333333,22.16326530612245,0.8285291827949662,-0.6542529285605035,1.5
0.6458333333333333,22.98979591836735,0.8190992273685321,-0.7208930800478328,1.5
0.6458333333333333,23.816326530612244,0.8099070485170272,-0.7809132321131544,1.5
0.6458333333333333,24.642857142857142,0.8009547089076136,-0.8353722964739704,1.5
0.6458333333333333,25.46938775510204,0.7922431069838731,-0.8853665166010757,1.5
0.6458333333333333,26.29591836734694,0.7837722680685454,-0.9322566972405223,1.5
0.6458333333333333,27.122448979591837,0.7755415803564247,-0.9737820731887946,1.5
0.6458333333333333,27.948979591836736,0.7675499882719364,-1.0128656998322754,1.5
0.6458333333333333,28.775510204081634,0.7597961522303509,-1.0480540113472947,1.5
0.6458333333333333,29.602040816326532,0.7522785827154401,-1.079592473415947,1.5
0.6458333333333333,30.42857142857143,0.7449957542246558,-1.1090633691662823,1.5
0.6458333333333333,31.25510204081633,0.7379462039382814,-1.1352757351562601,1.5
0.6458333333333333,32.08163265306123,0.7311286188024803,-1.159738248951926,1.5
0.6458333333333333,32.90816326530612,0.7245419147114492,-1.181036258721124,1.5
0.6458333333333333,33.734693877551024,0.718185310009811,-1.2000373603772674,1.5
0.6458333333333333,34.56122448979592,0.7120583960351534,-1.216278734993994,1.5
0.6458333333333333,35.38775510204082,0.7061612068382652,-1.2309362548405482,1.5
0.6458333333333333,36.214285714285715,0.7004942900668365,-1.2431680241899818,1.5
0.6458333333333333,37.04081632653061,0.6950587810879553,-1.252931284254567,1.5
0.6458333333333333,37.86734693877551,0.6898564822302983,-1.2607584597401387,1.5
0.6458333333333333,38.69387755102041,0.6848899491774021,-1.2661365506927014,1.5
0.6458333333333333,39.52040816326531,0.680162586723335,-1.2694558913396141,1.5
0.6458333333333333,40.3469387755102,0.675678756010953,-1.2700875221483405,1.5
0.6458333333333333,41.173469387755105,0.6714438883238759,-0.9083188625011858,1.5
0.6458333333333333,42.0,0.6674646603119193,-1.262561966776458,1.5
0.6666666666666666,1.5,0.6319244800757036,4.33438587043062,1.5
0.6666666666666666,2.326530612244898,0.7962805700466052,4.760519136516553,1.5
0.6666666666666666,3.1530612244897958,0.8927262801071174,4.4391004532697576,1.5
0.6666666666666666,3.979591836734694,0.9475732395520908,3.9289454260808245,1.5
0.6666666666666666,4.8061224489795915,0.9778365257675656,3.4260953149246625,1.5
0.6666666666666666,5.63265306122449,0.9932343954559945,2.9726616299891364,1.5
0.6666666666666666,6.459183673469388,0.9993408114208185,2.5730056900334066,1.5
0.6666666666666666,7.285714285714286,0.9994604968563322,2.2198663701045334,1.5
0.6666666666666666,8.112244897959183,0.9956292561358678,1.9045827881276816,1.5
0.6666666666666666,8.938775510204081,0.9891475295530539,1.620766333453365,1.5
0.6666666666666666,9.76530612244898,0.9808732062588458,1.3620313323638409,1.5
0.6666666666666666,10.591836734693878,0.9713881979123227,1.1252440542944437,1.5
0.6666666666666666,11.418367346938776,0.9610966836596794,0.9090899824756369,1.5
0.6666666666666666,12.244897959183675,0.950285047535741,0.7088226005779316,1.5
0.6666666666666666,13.071428571428571,0.9391595894163818,0.5258941920765872,1.5
0.6666666666666666,13.89795918367347,0.9278709223894259,0.35755532593541217,1.5
0.6666666666666666,14.724489795918368,0.9165301592768299,0.20317549150867023,1.5
0.6666666666666666,15.551020408163266,0.9052199000420937,0.0613908102560267,1.5
0.6666666666666666,16.377551020408163,0.8940018464050994,-0.06782283442992226,1.5
0.6666666666666666,17.20408163265306,0.8829221799045335,-0.185923659642004,1.5
0.6666666666666666,18.03061224489796,0.8720154264135044,-0.29284451971823044,1.5
0.6666666666666666,18.857142857142858,0.8613072771702833,-0.39114723726518474,1.5
0.6666666666666666,19.683673469387756,0.8508166777443377,-0.4816481434134195,1.5
0.6666666666666666,20.510204081632654,0.8405573953599911,-0.563349154205745,1.5
0.6666666666666666,21.336734693877553,0.8305392089611039,-0.6371522375369381,1.5
0.6666666666666666,22.16326530612245,0.820768822767776,-0.7045694835894344,1.5
0.6666666666666666,22.98979591836735,0.811250574709636,-0.767795879385237,1.5
0.6666666666666666,23.816326530612244,0.80198699098838,-0.8233623578003014,1.5
0.6666666666666666,24.642857142857142,0.7929792244694112,-0.8759785702126657,1.5
0.6666666666666666,25.46938775510204,0.7842274038697913,-0.9230752454815144,1.5
0.6666666666666666,26.29591836734694,0.7757309150906173,-0.966075829702319,1.5
0.6666666666666666,27.122448979591837,0.7674886297128203,-1.0040278789139616,1.5
0.6666666666666666,27.948979591836736,0.759499093010814,-1.040426403302523,1.5
0.6666666666666666,28.775510204081634,0.7517606804150817,-1.0734372184470322,1.5
0.6666666666666666,29.602040816326532,0.7442717301019994,-1.102498294791628,1.5
0.6666666666666666,30.42857142857143,0.7370306572975099,-1.1293933246916883,1.5
0.6666666666666666,31.25510204081633,0.7300360550648297,-1.1534200511885415,1.5
0.6666666666666666,32.08163265306123,0.7232867856124003,-1.1743512980784816,1.5
0.6666666666666666,32.90816326530612,0.7167820654846291,-1.1931523734319138,1.5
0.6666666666666666,33.734693877551024,0.7105215474336753,-1.210029064191676,1.5
0.6666666666666666,34.56122448979592,0.7045054018262207,-1.2241339113848773,1.5
0.6666666666666666,35.38775510204082,0.6987344000184257,-1.2352814834261943,1.5
0.6666666666666666,36.214285714285715,0.6932099941938172,-0.8322199248851226,1.5
0.6666666666666666,37.04081632653061,0.6879344515723882,-1.2518563282724962,1.5
0.6666666666666666,37.86734693877551,0.682910879152445,-1.2567393129059625,1.5
0.6666666666666666,38.69387755102041,0.6781434190357803,-1.2582636702242351,1.5
0.6666666666666666,39.52040816326531,0.6736373397997721,-1.2576996926290138,1.5
0.6666666666666666,40.3469387755102,0.6693991933638032,-1.2542091035826533,1.5
0.6666666666666666,41.173469387755105,0.6654369851237145,-1.247456963539692,1.5
0.6666666666666666,42.0,0.6617603687732927,-1.236951259834839,1.5
0.6875,1.5,0.6425888444067032,4.35613490254327,1.5
0.6875,2.326530612244898,0.8061949739963507,4.715520055439591,1.5
0.6875,3.1530612244897958,0.9003873791034859,4.351220696991388,1.5
0.6875,3.979591836734694,0.9529637660427495,3.8296131175074635,1.5
0.6875,4.8061224489795915,0.9812731447050835,3.321665682419891,1.5
0.6875,5.63265306122449,0.9950470111710659,2.868282118843634,1.5
0.6875,6.459183673469388,0.9998045683614782,2.4700072752322186,1.5
0.6875,7.285714285714286,0.9987933201165331,2.1191033881654486,1.5
0.6875,8.112244897959183,0.9940028393479249,1.8057240229912186,1.5
0.6875,8.938775510204081,0.9866985857904003,1.5240175777471523,1.5
0.6875,9.76530612244898,0.9777123559766487,1.2663897596752818,1.5
0.6875,10.591836734693878,0.9676065089394913,1.0327320195561576,1.5
0.6875,11.418367346938776,0.9567703888848635,0.8176265810151928,1.5
0.6875,12.244897959183675,0.9454789456217931,0.6202977095247119,1.5
0.6875,13.071428571428571,0.9339295155441176,0.4393274737772159,1.5
0.6875,13.89795918367347,0.9222655652300976,0.27411343861824694,1.5
0.6875,14.724489795918368,0.9105924172107401,0.12318435142847947,1.5
0.6875,15.551020408163266,0.898987910069411,-0.015120665297874798,1.5
0.6875,16.377551020408163,0.8875097786065448,-0.13959265328827197,1.5
0.6875,17.20408163265306,0.8762008620928825,-0.2535864276775552,1.5
0.6875,18.03061224489796,0.8650928443495733,-0.3570943535130054,1.5
0.6875,18.857142857142858,0.8542089824612769,-0.4524926797563153,1.5
0.6875,19.683673469387756,0.8435661264147168,-0.5382014647908149,1.5
0.6875,20.510204081632654,0.8331762337455184,-0.6150473970727562,1.5
0.6875,21.336734693877553,0.8230475190643358,-0.6868211700689809,1.5
0.6875,22.16326530612245,0.813185336023011,-0.7501994749832377,1.5
0.6875,22.98979591836735,0.8035928613461634,-0.8099223153073607,1.5
0.6875,23.816326530612244,0.7942716300079394,-0.8620791972834975,1.5
0.6875,24.642857142857142,0.7852219586231376,-0.9114959382666463,1.5
0.6875,25.46938775510204,0.7764432830471115,-0.9552827931826535,1.5
0.6875,26.29591836734694,0.7679344311241929,-0.9946470107126484,1.5
0.6875,27.122448979591837,0.7596938448498269,-1.0320754770652367,1.5
0.6875,27.948979591836736,0.751719764630064,-1.064328467693779,1.5
0.6875,28.775510204081634,0.7440103841760444,-1.0949485407242063,1.5
0.6875,29.602040816326532,0.7365639832744311,-1.1211249302574848,1.5
0.6875,30.42857142857143,0.7293790451376797,-1.1454137889952924,1.5
0.6875,31.25510204081633,0.7224543601012404,-1.1671031668798981,1.5
0.6875,32.08163265306123,0.715789127623381,-1.186238110559494,1.5
0.6875,32.90816326530612,0.7093830475795289,-1.2019066563697731,1.5
0.6875,33.734693877551024,0.7032364166178616,-1.2159919049653112,1.5
0.6875,34.56122448979592,0.6973502257597578,-1.227514356814176,1.5
0.6875,35.38775510204082,0.691726262181955,-1.2364568952100303,1.5
0.6875,36.214285714285715,0.6863672225764978,-1.2430067663916093,1.5
0.6875,37.04081632653061,0.6812768362774207,-1.2467104143161079,1.5
0.6875,37.86734693877551,0.6764600046165011,-1.248359516263835,1.5
0.6875,38.69387755102041,0.6719229588341498,-1.2460940370237645,1.5
0.6875,39.52040816326531,0.6676734408900205,-1.241600040368156,1.5
0.6875,40.3469387755102,0.6637209106752001,-1.2331235866094856,1.5
0.6875,41.173469387755105,0.6600767842709101,-1.2208563764675944,1.5
0.6875,42.0,0.6567546997556564,-0.9265177405103401,1.5
0.7083333333333333,1.5,0.6529572796642416,4.374781005854559,1.5
0.7083333333333333,2.326530612244898,0.8156396628409761,4.670507562980738,1.5
0.7083333333333333,3.1530612244897958,0.907556690641077,4.268719055408843,1.5
0.7083333333333333,3.979591836734694,0.9579046353436248,3.731557034029886,1.5
0.7083333333333333,4.8061224489795915,0.9843199379495274,3.2227963544501406,1.5
0.7083333333333333,5.63265306122449,0.9965296279182675,2.7685257430918413,1.5
0.7083333333333333,6.459183673469388,0.9999927342704642,2.371856986130947,1.5
0.7083333333333333,7.285714285714286,0.9978986268692346,2.022671177068388,1.5
0.7083333333333333,8.112244897959183,0.9921911842977684,1.712374637563737,1.5
0.7083333333333333,8.938775510204081,0.9841017731218185,1.4305091288852696,1.5
0.7083333333333333,9.76530612244898,0.974436963348294,1.1764002752061542,1.5
0.7083333333333333,10.591836734693878,0.9637402999624816,0.942461100109583,1.5
0.7083333333333333,11.418367346938776,0.9523868893122612,0.7299315788585466,1.5
0.7083333333333333,12.244897959183675,0.9406407186816,0.5346924067354525,1.5
0.7083333333333333,13.071428571428571,0.9286905302129317,0.35751148827315377,1.5
0.7083333333333333,13.89795918367347,0.9166729330462277,0.19560374260269997,1.5
0.7083333333333333,14.724489795918368,0.9046876870482087,0.04773400513501848,1.5
0.7083333333333333,15.551020408163266,0.8928080509442242,-0.08540536203902864,1.5
0.7083333333333333,16.377551020408163,0.8810879399868194,-0.2067835730117667,1.5
0.7083333333333333,17.20408163265306,0.8695669734842824,-0.3175410545394934,1.5
0.7083333333333333,18.03061224489796,0.8582740974837695,-0.4177783702227521,1.5
0.7083333333333333,18.857142857142858,0.8472302264773921,-0.5082893907558067,1.5
0.7083333333333333,19.683673469387756,0.8364501977345062,-0.5889091636558161,1.5
0.7083333333333333,20.510204081632654,0.8259442363948852,-0.664185400392848,1.5
0.7083333333333333,21.336734693877553,0.8157190666484655,-0.730359265460979,1.5
0.7083333333333333,22.16326530612245,0.8057787645124156,-0.7916038425851929,1.5
0.7083333333333333,22.98979591836735,0.7961254185865315,-0.8474030661316359,1.5
0.7083333333333333,23.816326530612244,0.7867596476275533,-0.897688366470146,1.5
0.7083333333333333,24.642857142857142,0.7776810101124206,-0.942580840394468,1.5
0.7083333333333333,25.46938775510204,0.7688883318005594,-0.9835313072079402,1.5
0.7083333333333333,26.29591836734694,0.7603799709619041,-1.020750113838347,1.5
0.7083333333333333,27.122448979591837,0.7521540362233993,-1.0551090232875484,1.5
0.7083333333333333,27.948979591836736,0.7442085686311496,-1.085085041100321,1.5
0.7083333333333333,28.775510204081634,0.7365416967322916,-1.1125891768564122,1.5
0.7083333333333333,29.602040816326532,0.7291517723948389,-1.1370580529249188,1.5
0.7083333333333333,30.42857142857143,0.7220374929161792,-1.1592320346647302,1.5
0.7083333333333333,31.25510204081633,0.7151980146253787,-1.1775027376667333,1.5
0.7083333333333333,32.08163265306123,0.7086330625393623,-1.194095033338338,1.5
0.7083333333333333,32.90816326530612,0.7023430396349788,-1.2082551706249172,1.5
0.7083333333333333,33.734693877551024,0.6963291398919617,-1.2195570590451494,1.5
0.7083333333333333,34.56122448979592,0.6905934685036825,-1.227870075892756,1.5
0.7083333333333333,35.38775510204082,0.6851391730760025,-1.2339771190268198,1.5
0.7083333333333333,36.214285714285715,0.6799705895675746,-1.237030072363238,1.5
0.7083333333333333,37.04081632653061,0.6750934072698563,-1.237522849655861,1.5
0.7083333333333333,37.86734693877551,0.670514857068062,-1.2353217874169353,1.5
0.7083333333333333,38.69387755102041,0.6662439206062882,-0.9104717340331716,1.5
0.7083333333333333,39.52040816326531,0.6622916155544718,-1.2191205238111267,1.5
0.7083333333333333,40.3469387755102,0.6586712111074661,-1.2044973873471514,1.5
0.7083333333333333,41.173469387755105,0.655398629065566,-1.1850780124032705,1.5
0.7083333333333333,42.0,0.6524927822021782,-1.1592755318517916,1.5
0.7291666666666666,1.5,0.6630341989224151,4.393212885235178,1.5
0.7291666666666666,2.326530612244898,0.8246372895022195,4.619819035102022,1.5
0.7291666666666666,3.1530612244897958,0.91426636172557,4.187197454739917,1.5
0.7291666666666666,3.979591836734694,0.9624302587800987,3.640300834868061,1.5
0.7291666666666666,4.8061224489795915,0.987009978684099,3.125334006143885,1.5
0.7291666666666666,5.63265306122449,0.9977125940607886,2.6729162661590737,1.5
0.7291666666666666,6.459183673469388,0.9999325918129781,2.2785955088299135,1.5
0.7291666666666666,7.285714285714286,0.9968007253978971,1.9308913969893788,1.5
0.7291666666666666,8.112244897959183,0.9902158691656313,1.6219405058507481,1.5
0.7291666666666666,8.938775510204081,0.9813762173355915,1.34268680450723,1.5
0.7291666666666666,9.76530612244898,0.9710639656576956,1.088253961302139,1.5
0.7291666666666666,10.591836734693878,0.9598045530306434,0.8579696435577896,1.5
0.7291666666666666,11.418367346938776,0.9479594112159884,0.6467255552494394,1.5
0.7291666666666666,12.244897959183675,0.9357820048548565,0.45456682924920133,1.5
0.7291666666666666,13.071428571428571,0.9234528234670726,0.2799006860580955,1.5
0.7291666666666666,13.89795918367347,0.9111018847817662,0.12099862557367742,1.5
0.7291666666666666,14.724489795918368,0.8988235951707972,-0.021988146342495872,1.5
0.7291666666666666,15.551020408163266,0.8866868006173377,-0.15307873764536564,1.5
0.7291666666666666,16.377551020408163,0.8747417330552958,-0.27059852669871826,1.5
0.7291666666666666,17.20408163265306,0.8630249060504018,-0.3769689008354327,1.5
0.7291666666666666,18.03061224489796,0.8515626264417556,-0.47156348564973444,1.5
0.7291666666666666,18.857142857142858,0.8403735539976271,-0.5580913558332051,1.5
0.7291666666666666,19.683673469387756,0.8294705941153244,-0.6360993860983487,1.5
0.7291666666666666,20.510204081632654,0.8188623160759155,-0.7078286034853712,1.5
0.7291666666666666,21.336734693877553,0.8085540285142825,-0.771616413977564,1.5
0.7291666666666666,22.16326530612245,0.7985486043487044,-0.8292986037375136,1.5
0.7291666666666666,22.98979591836735,0.7888471203047623,-0.880666280361233,1.5
0.7291666666666666,23.816326530612244,0.7794493581693024,-0.9284634386493017,1.5
0.7291666666666666,24.642857142857142,0.7703542020076616,-0.9704723744951717,1.5
0.7291666666666666,25.46938775510204,0.7615599485906064,-0.4763368803806886,1.5
0.7291666666666666,26.29591836734694,0.7530646097854476,-1.0442715008904828,1.5
0.7291666666666666,27.122448979591837,0.7448660420430516,-1.0746067078859418,1.5
0.7291666666666666,27.948979591836736,0.7369622142335751,-1.1034149355775746,1.5
0.7291666666666666,28.775510204081634,0.7293513227139452,-1.1282015901711848,1.5
0.7291666666666666,29.602040816326532,0.7220319415314663,-1.1494826424102318,1.5
0.7291666666666666,30.42857142857143,0.7150031534884127,-1.1691238299346705,1.5
0.7291666666666666,31.25510204081633,0.7082646761170485,-1.1859601312257022,1.5
0.7291666666666666,32.08163265306123,0.7018169875845368,-1.1991353575257717,1.5
0.7291666666666666,32.90816326530612,0.6956614569084544,-1.210610368369264,1.5
0.7291666666666666,33.734693877551024,0.68980048280989,-1.2195136449605264,1.5
0.7291666666666666,34.56122448979592,0.6842376459618302,-1.2249302161910811,1.5
0.7291666666666666,35.38775510204082,0.6789778792319988,-1.2275690025016608,1.5
0.7291666666666666,36.214285714285715,0.6740276608577337,-1.2280149882357065,1.5
0.7291666666666666,37.04081632653061,0.6693952360533983,-1.224304095191671,1.5
0.7291666666666666,37.86734693877551,0.6650908729428193,-1.216969279983444,1.5
0.7291666666666666,38.69387755102041,0.6611271515437298,-0.9167232786807271,1.5
0.7291666666666666,39.52040816326531,0.6575193402161064,-1.1896458128477356,1.5
0.7291666666666666,40.3469387755102,0.6542857190939078,-1.167882697370301,1.5
0.7291666666666666,41.173469387755105,0.6514480944569636,-1.1388109263697601,1.5
0.7291666666666666,42.0,0.6490322598717855,-1.1000928659289968,1.5
0.75,1.5,0.6728246374723619,4.404668173993186,1.5
0.75,2.326530612244898,0.8332095847405849,4.571230587538224,1.5
0.75,3.1530612244897958,0.9205462434961175,4.107186489766366,1.5
0.75,3.979591836734694,0.9665720444721696,3.5525186010067125,1.5
0.75,4.8061224489795915,0.9893731256494372,3.032956077906013,1.5
0.75,5.63265306122449,0.9986231012716464,2.5809533296958063,1.5
0.75,6.459183673469388,0.9996484475775994,2.1881064469531575,1.5
0.75,7.285714285714286,0.9955211733992543,1.8435307818075417,1.5
0.75,8.112244897959183,0.9880959534466595,1.5340445093809971,1.5
0.75,8.938775510204081,0.9785387472867223,1.2562300422553938,1.5
0.75,9.76530612244898,0.9676082078868813,1.0053408180902539,1.5
0.75,10.591836734693878,0.9558123438269538,0.7760561183751874,1.5
0.75,11.418367346938776,0.9434994421512751,0.5674465526852807,1.5
0.75,12.244897959183675,0.9309128545623322,0.3777882693565858,1.5
0.75,13.071428571428571,0.9182251340203956,0.20626961509550792,1.5
0.75,13.89795918367347,0.9055599520333716,0.050950062392124726,1.5
0.75,14.724489795918368,0.8930065542009272,-0.08920367707978939,1.5
0.75,15.551020408163266,0.8806295281152619,-0.21543535442724154,1.5
0.75,16.377551020408163,0.8684755493803776,-0.32829447926696287,1.5
0.75,17.20408163265306,0.8565781332674939,-0.4302481062844933,1.5
0.75,18.03061224489796,0.8449610415158267,-0.5234909009085934,1.5
0.75,18.857142857142858,0.8336407642578908,-0.6050122348892953,1.5
0.75,19.683673469387756,0.8226283547772979,-0.6794424213927791,1.5
0.75,20.510204081632654,0.8119308034375486,-0.7476397234262773,1.5
0.75,21.336734693877553,0.8015520794664186,-0.8068266702700737,1.5
0.75,22.16326530612245,0.7914939301094485,-0.8613572884007432,1.5
0.75,22.98979591836735,0.7817565003116028,-0.9103774743973315,1.5
0.75,23.816326530612244,0.7723388192669197,-0.9552762918951958,1.5
0.75,24.642857142857142,0.7632391870866204,-0.9951420335854231,1.5
0.75,25.46938775510204,0.7544554867498937,-1.0308306914742524,1.5
0.75,26.29591836734694,0.7459854401514968,-1.0637523481740412,1.5
0.75,27.122448979591837,0.7378268227502058,-1.0919805933902296,1.5
0.75,27.948979591836736,0.7299776485024961,-1.1176095553331173,1.5
0.75,28.775510204081634,0.7224363339269795,-1.140133946713979,1.5
0.75,29.602040816326532,0.7152018492665795,-1.1597081749040987,1.5
0.75,30.42857142857143,0.7082738631368363,-1.1762537443100771,1.5
0.75,31.25510204081633,0.7016528865960403,-1.1909009567521915,1.5
0.75,32.08163265306123,0.6953404142670191,-0.8134800480207772,1.5
0.75,32.90816326530612,0.6893391148426516,-0.836239809861485,1.5
0.75,33.734693877551024,0.6836529589094679,-0.8557461844214147,1.5
0.75,34.56122448979592,0.6782874541487424,-1.2189000152650635,1.5
0.75,35.38775510204082,0.6732498312907981,-1.2179303689216572,1.5
0.75,36.214285714285715,0.668549347262992,-1.2137317798757787,1.5
0.75,37.04081632653061,0.6641975520599983,-1.2062812395960734,1.5
0.75,37.86734693877551,0.6602086466185917,-1.1935352474738212,1.5
0.75,38.69387755102041,0.6565998811533359,-1.1756375441993283,1.5
0.75,39.52040816326531,0.6533920185973141,-1.1516216736121918,1.5
0.75,40.3469387755102,0.650609851242032,-0.9159363486110088,1.5
0.75,41.173469387755105,0.6482828109910937,-1.0761813321537224,1.5
0.75,42.0,0.6464455218672913,-1.0158032161582526,1.5
0.7708333333333333,1.5,0.6823341201624625,4.4148732968480005,1.5
0.7708333333333333,2.326530612244898,0.8413773373665383,4.520026778675778,1.5
0.7708333333333333,3.1530612244897958,0.9264240505359048,4.029957982663949,1.5
0.7708333333333333,3.979591836734694,0.9703586851893473,3.462646327164002,1.5
0.7708333333333333,4.8061224489795915,0.9914363763947867,2.943547846474825,1.5
0.7708333333333333,5.63265306122449,0.9992855602940381,2.4932335356283972,1.5
0.7708333333333333,6.459183673469388,0.9991620050503899,2.101862569841801,1.5
0.7708333333333333,7.285714285714286,0.9940791348998206,1.7577573722703976,1.5
0.7708333333333333,8.112244897959183,0.9858483137746195,1.4507270658340714,1.5
0.7708333333333333,8.938775510204081,0.9756042075138005,1.1742951573716107,1.5
0.7708333333333333,9.76530612244898,0.9640827324766059,0.9251416025251165,1.5
0.7708333333333333,10.591836734693878,0.951775109498221,0.6970839872081945,1.5
0.7708333333333333,11.418367346938776,0.9390169784808422,0.49160802770940293,1.5
0.7708333333333333,12.244897959183675,0.9260419595393458,0.3053469815863094,1.5
0.7708333333333333,13.071428571428571,0.9130149615238486,0.1371546485616574,1.5
0.7708333333333333,13.89795918367347,0.9000535360967977,-0.015044669033854463,1.5
0.7708333333333333,14.724489795918368,0.8872419461970226,-0.1516758042100921,1.5
0.7708333333333333,15.551020408163266,0.8746406645138429,-0.27367891821860185,1.5
0.7708333333333333,16.377551020408163,0.8622929292541927,-0.38238652741358586,1.5
0.7708333333333333,17.20408163265306,0.8502293594308559,-0.48053043028140385,1.5
0.7708333333333333,18.03061224489796,0.8384712623039364,-0.5700798541277858,1.5
0.7708333333333333,18.857142857142858,0.8270330419296077,-0.6491689285360215,1.5
0.7708333333333333,19.683673469387756,0.8159239788229691,-0.7185740648606409,1.5
0.7708333333333333,20.510204081632654,0.8051495624462428,-0.7826123524020661,1.5
0.7708333333333333,21.336734693877553,0.7947125011535404,-0.8409434714475272,1.5
0.7708333333333333,22.16326530612245,0.7846134972450062,-0.892333378204626,1.5
0.7708333333333333,22.98979591836735,0.7748518488231284,-0.9381217488323809,1.5
0.7708333333333333,23.816326530612244,0.7654259146720841,-0.45250277419079477,1.5
0.7708333333333333,24.642857142857142,0.7563335347924345,-1.0163376346083097,1.5
0.7708333333333333,25.46938775510204,0.7475722522972897,-1.050030606885887,1.5
0.7708333333333333,26.29591836734694,0.73913964503111,-0.606885608053408,1.5
0.7708333333333333,27.122448979591837,0.7310335417460293,-1.1059484718698946,1.5
0.7708333333333333,27.948979591836736,0.7232521383447942,-1.1292726675748332,1.5
0.7708333333333333,28.775510204081634,0.71579425533732,-1.1497457650160432,1.5
0.7708333333333333,29.602040816326532,0.7086594618936878,-1.166427751025117,1.5
0.7708333333333333,30.42857142857143,0.7018482483992909,-1.1811087273718939,1.5
0.7708333333333333,31.25510204081633,0.6953621957039852,-1.1929801667579525,1.5
0.7708333333333333,32.08163265306123,0.6892041560582879,-1.2013298569506796,1.5
0.7708333333333333,32.90816326530612,0.6833784521517573,-1.20730444269614,1.5
0.7708333333333333,33.734693877551024,0.6778910877662362,-0.5495437001576233,1.5
0.7708333333333333,34.56122448979592,0.6727500570309844,-0.5724035135666686,1.5
0.7708333333333333,35.38775510204082,0.6679655735992712,-1.2041582546934109,1.5
0.7708333333333333,36.214285714285715,0.6635504171523556,-1.195578842917833,1.5
0.7708333333333333,37.04081632653061,0.659520399147501,-1.182153629927918,1.5
0.7708333333333333,37.86734693877551,0.6558947771890629,-1.1636290878927886,1.5
0.7708333333333333,38.69387755102041,0.6526968046707858,-1.1369689794734854,1.5
0.7708333333333333,39.52040816326531,0.6499543384745947,-1.101746123724163,1.5
0.7708333333333333,40.3469387755102,0.6477005073409962,-1.053573581250553,1.5
0.7708333333333333,41.173469387755105,0.6459744125927309,-0.9851179586605244,1.5
0.7708333333333333,42.0,0.6448217987851967,-0.8691812022673987,1.5
0.7916666666666666,1.5,0.6915685583732197,4.420635677218661,1.5
0.7916666666666666,2.326530612244898,0.8491603964722255,4.470589078942166,1.5
0.7916666666666666,3.1530612244897958,0.9319255122573612,3.952861719844458,1.5
0.7916666666666666,3.979591836734694,0.9738164167784651,3.3775253267646006,1.5
0.7916666666666666,4.8061224489795915,0.9932241782882275,2.8575499501053714,1.5
0.7916666666666666,5.63265306122449,0.9997219269674014,2.4085851154433366,1.5
0.7916666666666666,6.459183673469388,0.9984926850524292,2.0189083329899873,1.5
0.7916666666666666,7.285714285714286,0.9924916853678136,1.6773264730297477,1.5
0.7916666666666666,8.112244897959183,0.9834879291264257,1.3705834559217775,1.5
0.7916666666666666,8.938775510204081,0.9725857227705198,1.0963147139087948,1.5
0.7916666666666666,9.76530612244898,0.9604990235609419,0.8478262913783552,1.5
0.7916666666666666,10.591836734693878,0.9477028739708299,0.6227690791675484,1.5
0.7916666666666666,11.418367346938776,0.9345207332969736,0.41929108827916634,1.5
0.7916666666666666,12.244897959183675,0.9211768448307136,0.23577665012776985,1.5
0.7916666666666666,13.071428571428571,0.9078287442024565,0.07138320523937126,1.5
0.7916666666666666,13.89795918367347,0.894588072685532,-0.07741980916851664,1.5
0.7916666666666666,14.724489795918368,0.8815342758178137,-0.20978192500941584,1.5
0.7916666666666666,15.551020408163266,0.8687238454071438,-0.32844165373320433,1.5
0.7916666666666666,16.377551020408163,0.8561966946130362,-0.43413304407160735,1.5
0.7916666666666666,17.20408163265306,0.8439806438447245,-0.5286838568247699,1.5
0.7916666666666666,18.03061224489796,0.832094634096967,-0.6127960751089357,1.5
0.7916666666666666,18.857142857142858,0.8205510659647199,-0.6871917951967911,1.5
0.7916666666666666,19.683673469387756,0.8093575272904788,-0.7559931968478407,1.5
0.7916666666666666,20.510204081632654,0.7985180861940251,-0.816289452669034,1.5
0.7916666666666666,21.336734693877553,0.7880342717011951,-0.8705628222604438,1.5
0.7916666666666666,22.16326530612245,0.7779058264079095,-0.918157705246204,1.5
0.7916666666666666,22.98979591836735,0.7681312922150595,-0.9625207215877659,1.5
0.7916666666666666,23.816326530612244,0.7587084725200618,-1.0014982817949754,1.5
0.7916666666666666,24.642857142857142,0.7496348037188229,-1.03612547292781,1.5
0.7916666666666666,25.46938775510204,0.7409076514727417,-0.5969056116030399,1.5
0.7916666666666666,26.29591836734694,0.7325246087144721,-1.0942135402211397,1.5
0.7916666666666666,27.122448979591837,0.7244836274903513,-0.6815703080147907,1.5
0.7916666666666666,27.948979591836736,0.7167833438309609,-1.1389320893391235,1.5
0.7916666666666666,28.775510204081634,0.7094231446124641,-1.1570066596946464,1.5
0.7916666666666666,29.602040816326532,0.7024034434169629,-1.171931988338194,1.5
0.7916666666666666,30.42857142857143,0.6957258313584751,-1.183932883270821,1.5
0.7916666666666666,31.25510204081633,0.6893932891408939,-1.192980387221918,1.5
0.7916666666666666,32.08163265306123,0.6834104113660466,-1.1985437553357412,1.5
0.7916666666666666,32.90816326530612,0.6777836594107866,-1.2008694522746945,1.5
0.7916666666666666,33.734693877551024,0.6725216513489042,-1.1999697760669785,1.5
0.7916666666666666,34.56122448979592,0.6676354983992566,-1.1958805638740588,1.5
0.7916666666666666,35.38775510204082,0.6631391977038984,-1.186106468232757,1.5
0.7916666666666666,36.214285714285715,0.6590500917108727,-1.1722063461367245,1.5
0.7916666666666666,37.04081632653061,0.6553893964153487,-0.9145715472396224,1.5
0.7916666666666666,37.86734693877551,0.6521828506661264,-1.1240896466689876,1.5
0.7916666666666666,38.69387755102041,0.6494613488478631,-1.0863879282622455,1.5
0.7916666666666666,39.52040816326531,0.6472617703395076,-1.0339735343678653,1.5
0.7916666666666666,40.3469387755102,0.6456277379743636,-0.9555768881536604,1.5
0.7916666666666666,41.173469387755105,0.6446103570046271,-0.8107730126477503,1.5
0.7916666666666666,42.0,0.6442687307812937,0.014188024510359372,1.5
0.8125,1.5,0.7005341556828706,4.425297918485731,1.5
0.8125,2.326530612244898,0.856577674766714,4.418452225961852,1.5
0.8125,3.1530612244897958,0.9370745175284109,3.876724793671038,1.5
0.8125,3.979591836734694,0.9769692516122035,3.2951825120144607,1.5
0.8125,4.8061224489795915,0.9947587025485454,2.7754850098535613,1.5
0.8125,5.63265306122449,0.9999519856397386,2.3276365067775204,1.5
0.8125,6.459183673469388,0.9976579017862287,1.9390031082002015,1.5
0.8125,7.285714285714286,0.9907740725813593,1.5976637736616843,1.5
0.8125,8.112244897959183,0.9810281238064181,1.2932832006768031,1.5
0.8125,8.938775510204081,0.9694949225974999,1.0199398109647322,1.5
0.8125,9.76530612244898,0.9568672138511116,0.7737253537967071,1.5
0.8125,10.591836734693878,0.9436044383202308,0.5507260909380884,1.5
0.8125,11.418367346938776,0.9300183116437628,0.35019323929044227,1.5
0.8125,12.244897959183675,0.916324030398425,0.16982664933030556,1.5
0.8125,13.071428571428571,0.9026720082202051,0.008252318593585595,1.5
0.8125,13.89795918367347,0.8891681702576597,-0.1346296814961606,1.5
0.8125,14.724489795918368,0.8758872986939351,-0.26449731351004546,1.5
0.8125,15.551020408163266,0.8628820303796711,-0.3789619439087399,1.5
0.8125,16.377551020408163,0.8501890603076007,-0.4797249539615698,1.5
0.8125,17.20408163265306,0.8378335046954292,-0.5716491748540552,1.5
0.8125,18.03061224489796,0.8258320248727623,-0.6525246117111856,1.5
0.8125,18.857142857142858,0.8141951004950405,-0.722918862777714,1.5
0.8125,19.683673469387756,0.8029287079052911,-0.7873884798847495,1.5
0.8125,20.510204081632654,0.7920355762739941,-0.8460546406937427,1.5
0.8125,21.336734693877553,0.7815161405068878,-0.8959809456661388,1.5
0.8125,22.16326530612245,0.7713692739078684,-0.9430404222737612,1.5
0.8125,22.98979591836735,0.7615928594262814,-0.9832259579296024,1.5
0.8125,23.816326530612244,0.7521842433735023,-1.0198025965837392,1.5
0.8125,24.642857142857142,0.7431406025036011,-1.0518200258410144,1.5
0.8125,25.46938775510204,0.734459249356981,-1.0809370639965716,1.5
0.8125,26.29591836734694,0.726137893907644,-1.105851917509187,1.5
0.8125,27.122448979591837,0.7181748767818235,-1.127934730541407,1.5
0.8125,27.948979591836736,0.7105693860990638,-1.1461443193047403,1.5
0.8125,28.775510204081634,0.7033216687646882,-1.1619396272258355,1.5
0.8125,29.602040816326532,0.6964332379212785,-0.8034854636459948,1.5
0.8125,30.42857142857143,0.6899071396358021,-1.1840956042676287,1.5
0.8125,31.25510204081633,0.6837481269365249,-1.1896607840654243,1.5
0.8125,32.08163265306123,0.6779630190488201,-1.193035667074305,1.5
0.8125,32.90816326530612,0.6725609876175891,-1.1919480702990015,1.5
0.8125,33.734693877551024,0.6675539422928999,-1.1872276439881386,1.5
0.8125,34.56122448979592,0.662956973156117,-1.1775345483390893,1.5
0.8125,35.38775510204082,0.6587888700460439,-1.1630236801416927,1.5
0.8125,36.214285714285715,0.6550727290175185,-1.1422458603175352,1.5
0.8125,37.04081632653061,0.6518366534253762,-1.1128526453364924,1.5
0.8125,37.86734693877551,0.6491145475308089,-1.0730514217695437,1.5
0.8125,38.69387755102041,0.6469469830350612,-1.0164833006630998,1.5
0.8125,39.52040816326531,0.6453820863613332,-0.9293451149060189,1.5
0.8125,40.3469387755102,0.6444763357056715,-0.7484438793623579,1.5
0.8125,41.173469387755105,0.6442950594861319,0.4574512504263945,1.5
0.8125,42.0,0.6449122808580388,0.9059037223575515,1.5
0.8333333333333333,1.5,0.7092373294260192,4.425281847287029,1.5
0.8333333333333333,2.326530612244898,0.8636471718636886,4.366768714546194,1.5
0.8333333333333333,3.1530612244897958,0.9418932504312095,3.8049772763115715,1.5
0.8333333333333333,3.979591836734694,0.9798391885573339,3.21632497799664,1.5
0.8333333333333333,4.8061224489795915,0.9960600859463129,2.6954077538244396,1.5
0.8333333333333333,5.63265306122449,0.999993595995828,2.248808831803858,1.5
0.8333333333333333,6.459183673469388,0.9966733012728937,1.8622550072354496,1.5
0.8333333333333333,7.285714285714286,0.988939940709254,1.5220171798626405,1.5
0.8333333333333333,8.112244897959183,0.9784807751992476,1.220363602845442,1.5
0.8333333333333333,8.938775510204081,0.9663421326029228,0.947573440146183,1.5
0.8333333333333333,9.76530612244898,0.9531962603644021,0.7025152641723162,1.5
0.8333333333333333,10.591836734693878,0.9394875421158454,0.48224450887860026,1.5
0.8333333333333333,11.418367346938776,0.9255163588603764,0.28440040706035435,1.5
0.8333333333333333,12.244897959183675,0.9114891677385561,0.10689142295355236,1.5
0.8333333333333333,13.071428571428571,0.8975494937336035,-0.050627192483211535,1.5
0.8333333333333333,13.89795918367347,0.8837977267160427,-0.19114843935627077,1.5
0.8333333333333333,14.724489795918368,0.8703041296236784,-0.31578693067739877,1.5
0.8333333333333333,15.551020408163266,0.8571176035370512,-0.4249451407035404,1.5
0.8333333333333333,16.377551020408163,0.8442717278022113,-0.5234007635951305,1.5
0.8333333333333333,17.20408163265306,0.8317890062900242,-0.6097959472269042,1.5
0.8333333333333333,18.03061224489796,0.8196839066293672,-0.6886121410965088,1.5
0.8333333333333333,18.857142857142858,0.8079650706406599,-0.7566437485681776,1.5
0.8333333333333333,19.683673469387756,0.7966369378301754,-0.24476666845415068,1.5
0.8333333333333333,20.510204081632654,0.7857010093769894,-0.872750274355924,1.5
0.8333333333333333,21.336734693877553,0.7751566905317113,-0.9206981526288922,1.5
0.8333333333333333,22.16326530612245,0.7650020901571026,-0.9644826689662224,1.5
0.8333333333333333,22.98979591836735,0.7552345376702719,-1.002241704620318,1.5
0.8333333333333333,23.816326530612244,0.7458510388747265,-1.0363033063987983,1.5
0.8333333333333333,24.642857142857142,0.7368486338962607,-0.6174643898735114,1.5
0.8333333333333333,25.46938775510204,0.7282247394628768,-0.6616201015932794,1.5
0.8333333333333333,26.29591836734694,0.7199773788252407,-1.1156654003072195,1.5
0.8333333333333333,27.122448979591837,0.7121054315363513,-1.1356056281268399,1.5
0.8333333333333333,27.948979591836736,0.7046089124292935,-1.151626745002803,1.5
0.8333333333333333,28.775510204081634,0.6974891805729109,-1.1648260285398757,1.5
0.8333333333333333,29.602040816326532,0.6907492013269028,-1.1745641360579528,1.5
0.8333333333333333,30.42857142857143,0.6843938243410299,-1.1812339847060147,1.5
0.8333333333333333,31.25510204081633,0.6784300961090587,-1.1849888156129982,1.5
0.8333333333333333,32.08163265306123,0.672867619878941,-1.1844393651605416,1.5
0.8333333333333333,32.90816326530612,0.6677189750601391,-1.179507259542018,1.5
0.8333333333333333,33.734693877551024,0.6630002101506441,-1.1705644889391404,1.5
0.8333333333333333,34.56122448979592,0.6587314229989331,-1.1554441683430654,1.5
0.8333333333333333,35.38775510204082,0.6549374412783626,-1.1339741558891006,1.5
0.8333333333333333,36.214285714285715,0.6516486048219499,-0.9097056089888438,1.5
0.8333333333333333,37.04081632653061,0.6489016909081958,-1.0622112838196873,1.5
0.8333333333333333,37.86734693877551,0.646740827955393,-1.0025304235475563,1.5
0.8333333333333333,38.69387755102041,0.6452185488099758,-0.9072415238080521,1.5
0.8333333333333333,39.52040816326531,0.6443966284151802,-0.6837483202379802,1.5
0.8333333333333333,40.3469387755102,0.644346569081944,0.8396618822918536,1.5
0.8333333333333333,41.173469387755105,0.6451492756631323,0.9389292532531456,1.5
0.8333333333333333,42.0,0.6468931359388761,1.0829832688759229,1.5
0.8541666666666666,1.5,0.7176846439949784,4.425194496462947,1.5
0.8541666666666666,2.326530612244898,0.8703859943624527,4.315654229675169,1.5
0.8541666666666666,3.1530612244897958,0.9464023176834246,3.7317732614967816,1.5
0.8541666666666666,3.979591836734694,0.9824464022241738,3.1400612636966536,1.5
0.8541666666666666,4.8061224489795915,0.9971466442138534,2.619094753569234,1.5
0.8541666666666666,5.63265306122449,0.9998629084358861,2.173400889723708,1.5
0.8541666666666666,6.459183673469388,0.9955529678006326,1.7881952621668458,1.5
0.8541666666666666,7.285714285714286,0.9870015233143162,1.4501869956253373,1.5
0.8541666666666666,8.112244897959183,0.9758564919584836,1.148415385518709,1.5
0.8541666666666666,8.938775510204081,0.9631365381151769,0.8775728427238543,1.5
0.8541666666666666,9.76530612244898,0.949494094303255,0.6341730720686967,1.5
0.8541666666666666,10.591836734693878,0.9353590007658313,0.4160944884969071,1.5
0.8541666666666666,11.418367346938776,0.9210206866313752,0.22143620912193185,1.5
0.8541666666666666,12.244897959183675,0.9066771558116095,0.04780406444059761,1.5
0.8541666666666666,13.071428571428571,0.8924652618036288,-0.10537945126803622,1.5
0.8541666666666666,13.89795918367347,0.8784800280968015,-0.24296756294191116,1.5
0.8541666666666666,14.724489795918368,0.8647873340588046,-0.36243934131707783,1.5
0.8541666666666666,15.551020408163266,0.8514324584662535,-0.46927117274161495,1.5
0.8541666666666666,16.377551020408163,0.8384459640072692,-0.5634048908118435,1.5
0.8541666666666666,17.20408163265306,0.8258478325953523,-0.6467832515553015,1.5
0.8541666666666666,18.03061224489796,0.8136504238770057,-0.7219570418045616,1.5
0.8541666666666666,18.857142857142858,0.801860626353259,-0.7867458360707685,1.5
0.8541666666666666,19.683673469387756,0.7904814454738154,-0.8443440460794606,1.5
0.8541666666666666,20.510204081632654,0.7795131928555332,-0.8962517489223879,1.5
0.8541666666666666,21.336734693877553,0.768954390419508,-0.9422156448439929,1.5
0.8541666666666666,22.16326530612245,0.7588024691430421,-0.9835043478550937,1.5
0.8541666666666666,22.98979591836735,0.7490543193051348,-1.018210027652638,1.5
0.8541666666666666,23.816326530612244,0.7397067346088502,-1.0506486943778186,1.5
0.8541666666666666,24.642857142857142,0.7307567806856832,-1.07850978720096,1.5
0.8541666666666666,25.46938775510204,0.7222021133308929,-1.1023450745467211,1.5
0.8541666666666666,26.29591836734694,0.714041264844743,-1.1238193136401493,1.5
0.8541666666666666,27.122448979591837,0.7062739149652413,-1.1401177263657936,1.5
0.8541666666666666,27.948979591836736,0.6989011606602138,-1.1544481530732131,1.5
0.8541666666666666,28.775510204081634,0.6919257973216032,-1.165393956482091,1.5
0.8541666666666666,29.602040816326532,0.6853526246134432,-1.1732656745113357,1.5
0.8541666666666666,30.42857142857143,0.679188789643494,-1.1770336672255433,1.5
0.8541666666666666,31.25510204081633,0.6734441744908016,-0.8759745341540052,1.5
0.8541666666666666,32.08163265306123,0.6681318923573724,-1.1724700778610921,1.5
0.8541666666666666,32.90816326530612,0.6632687529066118,-0.8992990972152117,1.5
0.8541666666666666,33.734693877551024,0.6588760083413409,-1.1486310488729183,1.5
0.8541666666666666,34.56122448979592,0.6549800053163685,-1.1271124805170072,1.5
0.8541666666666666,35.38775510204082,0.6516131378904408,-1.0969541972943617,1.5
0.8541666666666666,36.214285714285715,0.6488148129012831,-1.0539942987024427,1.5
0.8541666666666666,37.04081632653061,0.646632542546889,-0.8940721384851944,1.5
0.8541666666666666,37.86734693877551,0.6451230776534826,-0.8920622537286106,1.5
0.8541666666666666,38.69387755102041,0.644353305885607,-0.6254021226138148,1.5
0.8541666666666666,39.52040816326531,0.644400787408856,0.6870143739512037,1.5
0.8541666666666666,40.3469387755102,0.6453532020371289,0.9595142840552199,1.5
0.8541666666666666,41.173469387755105,0.6473059421537223,1.0973833713303365,1.5
0.8541666666666666,42.0,0.6503566086477931,1.205302924856805,1.5
0.875,1.5,0.7258827535244397,4.422860890785991,1.5
0.875,2.326530612244898,0.8768103861284322,4.263499254206051,1.5
0.875,3.1530612244897958,0.9506208677804033,3.663594213656375,1.5
0.875,3.979591836734694,0.9848094131080473,3.068226120774743,1.5
0.875,4.8061224489795915,0.9980350606191688,2.5449020744569557,1.5
0.875,5.63265306122449,0.9995745523904317,2.1008629592779515,1.5
0.875,6.459183673469388,0.9943096031571693,1.7160832405574746,1.5
0.875,7.285714285714286,0.9849698100394904,1.3780652449622106,1.5
0.875,8.112244897959183,0.9731647673059481,1.0780060084951169,1.5
0.875,8.938775510204081,0.9598863244686571,0.8097625329341622,1.5
0.875,9.76530612244898,0.9457677493464236,0.5687005437139435,1.5
0.875,10.591836734693878,0.9312248228881855,0.352942022621705,1.5
0.875,11.418367346938776,0.9165363804881153,0.16104182793465446,1.5
0.875,12.244897959183675,0.9018922397496378,-0.007955918152629754,1.5
0.875,13.071428571428571,0.8874227853347102,-0.1579718399657491,1.5
0.875,13.89795918367347,0.87321783262104,-0.2916534336526688,1.5
0.875,14.724489795918368,0.8593390058459864,-0.4073445079916412,1.5
0.875,15.551020408163266,0.8458280621067383,0.1542410868165272,1.5
0.875,16.377551020408163,0.8327126682410507,-0.6021509443026823,1.5
0.875,17.20408163265306,0.8200103492697195,-0.6818500649676882,1.5
0.875,18.03061224489796,0.8077314513870315,-0.7516107321962485,1.5
0.875,18.857142857142858,0.7958811962527943,-0.8142422060106832,1.5
0.875,19.683673469387756,0.7844612358067458,-0.8702480692441054,1.5
0.875,20.510204081632654,0.7734708116996265,-0.9188657716478753,1.5
0.875,21.336734693877553,0.7629076386543635,-0.9611166720354897,1.5
0.875,22.16326530612245,0.7527685900925154,-0.9997591335781961,1.5
0.875,22.98979591836735,0.7430502421607509,-1.0336211755537619,1.5
0.875,23.816326530612244,0.7337493180680493,-1.062552516110273,1.5
0.875,24.642857142857142,0.7248630638813698,-1.0883540153307223,1.5
0.875,25.46938775510204,0.7163895804085053,-1.1103512049111903,1.5
0.875,26.29591836734694,0.7083281314256245,-1.1286884798347798,1.5
0.875,27.122448979591837,0.7006794376195336,-0.7819123173435506,1.5
0.875,27.948979591836736,0.6934460251818612,-1.155992958914875,1.5
0.875,28.775510204081634,0.6866324842948935,-1.1638820024723866,1.5
0.875,29.602040816326532,0.6802459058344771,-0.5409812252975591,1.5
0.875,30.42857142857143,0.6742963370668299,-1.1695087870253846,1.5
0.875,31.25510204081633,0.6687971600596613,-1.1657134551283805,1.5
0.875,32.08163265306123,0.6637658134240799,-1.1573253669478412,1.5
0.875,32.90816326530612,0.6592244284514722,-1.1429666139632315,1.5
0.875,33.734693877551024,0.6552006709503939,-1.1218348624960937,1.5
0.875,34.56122448979592,0.6517287097334774,-1.0917015931359573,1.5
0.875,35.38775510204082,0.6488503123217906,-0.6708225189620504,1.5
0.875,36.214285714285715,0.6466161144946407,-0.9858621990345101,1.5
0.875,37.04081632653061,0.6450867408172856,-0.8803170361472107,1.5
0.875,37.86734693877551,0.6443339731847527,-0.5870718734481791,1.5
0.875,38.69387755102041,0.6444412014243214,0.718277932180376,1.5
0.875,39.52040816326531,0.6455027575673581,0.9706027376460015,1.5
0.875,40.3469387755102,0.6476210052806993,1.1053057506188781,1.5
0.875,41.173469387755105,0.6508997779087405,1.2121557474962175,1.5
0.875,42.0,0.6554326117487984,1.3051264564248402,1.5
0.8958333333333333,1.5,0.7338382744532157,4.417897333777772,1.5
0.8958333333333333,2.326530612244898,0.8829357595898879,4.21253561197406,1.5
0.8958333333333333,3.1530612244897958,0.9545667013362813,3.598373017696061,1.5
0.8958333333333333,3.979591836734694,0.9869452406910522,2.9936001667657037,1.5
0.8958333333333333,4.8061224489795915,0.9987405528945525,2.4726505336344085,1.5
0.8958333333333333,5.63265306122449,0.9991418013856769,2.029805684854822,1.5
0.8958333333333333,6.459183673469388,0.9929546825496537,1.6467907918627116,1.5
0.8958333333333333,7.285714285714286,0.9828546908550556,1.3106568703835313,1.5
0.8958333333333333,8.112244897959183,0.970414111254081,1.012028266269217,1.5
0.8958333333333333,8.938775510204081,0.9565987977404935,0.7441815877234423,1.5
0.8958333333333333,9.76530612244898,0.9420234717476865,0.5055689611766925,1.5
0.8958333333333333,10.591836734693878,0.927090310821632,0.29333167544044664,1.5
0.8958333333333333,11.418367346938776,0.9120678918333709,0.10491489587225063,1.5
0.8958333333333333,12.244897959183675,0.8971380953326724,-0.06226301141536242,1.5
0.8958333333333333,13.071428571428571,0.882425026711319,-0.20890560374100592,1.5
0.8958333333333333,13.89795918367347,0.8680134422917688,-0.33790213407553926,1.5
0.8958333333333333,14.724489795918368,0.8539608333950555,-0.45058098026275595,1.5
0.8958333333333333,15.551020408163266,0.840305556574753,-0.5480465248113019,1.5
0.8958333333333333,16.377551020408163,0.8270724288638892,-0.6352820741898373,1.5
0.8958333333333333,17.20408163265306,0.8142766563671574,-0.7117127242952804,1.5
0.8958333333333333,18.03061224489796,0.801926643200821,-0.7792340009146175,1.5
0.8958333333333333,18.857142857142858,0.7900260331069339,-0.8387774654934783,1.5
0.8958333333333333,19.683673469387756,0.7785752176060271,-0.8912214113563697,1.5
0.8958333333333333,20.510204081632654,0.7675724680609048,-0.9386860237459403,1.5
0.8958333333333333,21.336734693877553,0.7570148008704837,-0.9783738069079436,1.5
0.8958333333333333,22.16326530612245,0.7468986531099764,-1.0143186713682544,1.5
0.8958333333333333,22.98979591836735,0.737220423889437,-1.0458099333193176,1.5
0.8958333333333333,23.816326530612244,0.7279769233353108,-1.0735127113840972,1.5
0.8958333333333333,24.642857142857142,0.7191657606264394,-1.0970306020908627,1.5
0.8958333333333333,25.46938775510204,0.7107856887878191,-0.7390257409588017,1.5
0.8958333333333333,26.29591836734694,0.7028369815111788,-1.133044947155042,1.5
0.8958333333333333,27.122448979591837,0.6953216982692128,-1.146116749002694,1.5
0.8958333333333333,27.948979591836736,0.688244126149124,-1.1552941280687428,1.5
0.8958333333333333,28.775510204081634,0.6816111451859039,-1.1609208580912187,1.5
0.8958333333333333,29.602040816326532,0.6754326908042233,-0.8668435967048483,1.5
0.8958333333333333,30.42857142857143,0.6697223283938806,-1.1596199243228278,1.5
0.8958333333333333,31.25510204081633,0.6644978205786031,-1.1519817431537767,1.5
0.8958333333333333,32.08163265306123,0.6597819562092448,-1.1384869609462365,1.5
0.8958333333333333,32.90816326530612,0.6556034153523186,-1.117884833817765,1.5
0.8958333333333333,33.734693877551024,0.6519978338945441,-1.0882854007518346,1.5
0.8958333333333333,34.56122448979592,0.6490090191473484,-1.0458167894128292,1.5
0.8958333333333333,35.38775510204082,0.6466902918587337,-0.9831688620758223,1.5
0.8958333333333333,36.214285714285715,0.6451058576773494,-0.8770847565010678,1.5
0.8958333333333333,37.04081632653061,0.6443319928459594,-0.5732110590309908,1.5
0.8958333333333333,37.86734693877551,0.6444576171450335,0.7237201214612996,1.5
0.8958333333333333,38.69387755102041,0.6455835236828169,0.9733104015848552,1.5
0.8958333333333333,39.52040816326531,0.6478190476807786,1.1071493154519423,1.5
0.8958333333333333,40.3469387755102,0.6512745236497217,1.2138322090199463,1.5
0.8958333333333333,41.173469387755105,0.6560477506503237,1.3070190841501335,1.5
0.8958333333333333,42.0,0.6622036073474517,1.3870251885764673,1.5
0.9166666666666666,1.5,0.7415581566362992,4.409066191733619,1.5
0.9166666666666666,2.326530612244898,0.8887767293281169,4.164378849344181,1.5
0.9166666666666666,3.1530612244897958,0.9582563737317,3.53220585195244,1.5
0.9166666666666666,3.979591836734694,0.9888695412855635,2.9247430264064787,1.5
0.9166666666666666,4.8061224489795915,0.9992770213711032,2.4037886048689927,1.5
0.9166666666666666,5.63265306122449,0.9985767176384461,1.9614483142412011,1.5
0.9166666666666666,6.459183673469388,0.9914985906470253,1.5796808673048568,1.5
0.9166666666666666,7.285714285714286,0.9806650814938327,1.2455833959355271,1.5
0.9166666666666666,8.112244897959183,0.9676121651677448,0.9471148788608342,1.5
0.9166666666666666,8.938775510204081,0.9532804890020645,0.6811571716147004,1.5
0.9166666666666666,9.76530612244898,0.9382668152231143,0.4444553547218373,1.5
0.9166666666666666,10.591836734693878,0.9229601471204127,0.23490074331337027,1.5
0.9166666666666666,11.418367346938776,0.9076191169382646,0.05071354462188642,1.5
0.9166666666666666,12.244897959183675,0.8924179013230623,-0.11203978074143396,1.5
0.9166666666666666,13.071428571428571,0.8774745043054648,-0.2544755304456799,1.5
0.9166666666666666,13.89795918367347,0.862868764146954,-0.37944106369792596,1.5
0.9166666666666666,14.724489795918368,0.8486541562297419,-0.49003080014924494,1.5
0.9166666666666666,15.551020408163266,0.8348657305370837,-0.5851866523135452,1.5
0.9166666666666666,16.377551020408163,0.8215255720596861,-0.6670918641624657,1.5
0.9166666666666666,17.20408163265306,0.8086466334458895,-0.741896924602989,1.5
0.9166666666666666,18.03061224489796,0.7962354742063108,-0.8057715766952691,1.5
0.9166666666666666,18.857142857142858,0.7842942524954916,-0.8617233363912731,1.5
0.9166666666666666,19.683673469387756,0.7728221887732685,-0.41306376776738013,1.5
0.9166666666666666,20.510204081632654,0.7618167150484793,-0.9558708973283054,1.5
0.9166666666666666,21.336734693877553,0.7512742417160284,-0.9941628569845105,1.5
0.9166666666666666,22.16326530612245,0.7411909098418459,-1.027839844326082,1.5
0.9166666666666666,22.98979591836735,0.7315630925489752,-1.056847235703667,1.5
0.9166666666666666,23.816326530612244,0.7223878621064315,-1.0823828583213153,1.5
0.9166666666666666,24.642857142857142,0.7136633966457013,-1.1035508368433058,1.5
0.9166666666666666,25.46938775510204,0.7053893613994611,-1.1220512632414559,1.5
0.9166666666666666,26.29591836734694,0.697567286818947,-1.1352942255288918,1.5
0.9166666666666666,27.122448979591837,0.6902009650139659,-1.1459431725645448,1.5
0.9166666666666666,27.948979591836736,0.6832968840211332,-1.1528497775287518,1.5
0.9166666666666666,28.775510204081634,0.6768647146184361,-0.8610971850535902,1.5
0.9166666666666666,29.602040816326532,0.6709179207750587,-1.1536036836452086,1.5
0.9166666666666666,30.42857142857143,0.6654743699282502,-1.147151684024363,1.5
0.9166666666666666,31.25510204081633,0.6605572152027057,-1.134538509207059,1.5
0.9166666666666666,32.08163265306123,0.6561958278132344,-1.115343753742649,1.5
0.9166666666666666,32.90816326530612,0.652426947296438,-1.08651363461015,1.5
0.9166666666666666,33.734693877551024,0.6492960048932541,-1.0451163381339468,1.5
0.9166666666666666,34.56122448979592,0.6468585974049824,-0.9837934742770399,1.5
0.9166666666666666,35.38775510204082,0.645182011377088,-0.8808054883252209,1.5
0.9166666666666666,36.214285714285715,0.6443465655043169,-0.5952564537002765,1.5
0.9166666666666666,37.04081632653061,0.6444463028971715,0.7097134743752538,1.5
0.9166666666666666,37.86734693877551,0.6455882116025212,0.9676375736646172,1.5
0.9166666666666666,38.69387755102041,0.6478885960234246,1.1038439076550015,1.5
0.9166666666666666,39.52040816326531,0.6514647020768704,1.2112402057841256,1.5
0.9166666666666666,40.3469387755102,0.656419553893742,1.3046071539908608,1.5
0.9166666666666666,41.173469387755105,0.6628190818835861,1.384079005214855,1.5
0.9166666666666666,42.0,0.6706641027898899,1.4491953615088091,1.5
0.9375,1.5,0.74904881882953,4.401021744077613,1.5
0.9375,2.326530612244898,0.8943471466242164,4.110698651683871,1.5
0.9375,3.1530612244897958,0.9617052900660094,3.4664570422204175,1.5
0.9375,3.979591836734694,0.9905967319950257,2.8569285870340817,1.5
0.9375,4.8061224489795915,0.9996571789705249,2.336320451098912,1.5
0.9375,5.63265306122449,0.9978902796717994,1.8953335821187507,1.5
0.9375,6.459183673469388,0.9899507404902425,1.5146469369846287,1.5
0.9375,7.285714285714286,0.9784090324781062,1.1806912521181807,1.5
0.9375,8.112244897959183,0.9647658010288588,0.8838343081590488,1.5
0.9375,8.938775510204081,0.9499372444840425,0.620192213555317,1.5
0.9375,9.76530612244898,0.9345027229290096,0.38625081191463323,1.5
0.9375,10.591836734693878,0.9188384691414753,0.18022916516841067,1.5
0.9375,11.418367346938776,0.9031934650503242,-0.0009844327130431269,1.5
0.9375,12.244897959183675,0.8877344018739318,-0.1600744123405345,1.5
0.9375,13.071428571428571,0.87257334980352,-0.29889607180038535,1.5
0.9375,13.89795918367347,0.857785363032356,-0.4212156831692818,1.5
0.9375,14.724489795918368,0.8434200136232559,-0.526671653916388,1.5
0.9375,15.551020408163266,0.8295091448916678,-0.6182656038930696,1.5
0.9375,16.377551020408163,0.8160722029086198,-0.6968563398148157,1.5
0.9375,17.20408163265306,0.803119969096931,-0.20862920169126925,1.5
0.9375,18.03061224489796,0.7906572755605648,-0.8299659053334383,1.5
0.9375,18.857142857142858,0.7786848656542871,-0.8831990250512709,1.5
0.9375,19.683673469387756,0.7672009170033216,-0.9301937962936444,1.5
0.9375,20.510204081632654,0.7562020855031544,-0.9723251306024072,1.5
0.9375,21.336734693877553,0.745684344165231,-0.5704334984117816,1.5
0.9375,22.16326530612245,0.7356436901856487,-1.0391738360226426,1.5
0.9375,22.98979591836735,0.7260766134072021,-1.0665459775449717,1.5
0.9375,23.816326530612244,0.7169806522013302,-1.0894571409464942,1.5
0.9375,24.642857142857142,0.7083547862383548,-1.1087067200310168,1.5
0.9375,25.46938775510204,0.7001998642169832,-1.1243628942149009,1.5
0.9375,26.29591836734694,0.6925190347386909,-1.1365037234535007,1.5
0.9375,27.122448979591837,0.6853182121049428,-1.1444931669863148,1.5
0.9375,27.948979591836736,0.6786066008505189,-1.148179685923655,1.5
0.9375,28.775510204081634,0.6723973043327939,-1.1478472200193792,1.5
0.9375,29.602040816326532,0.6667080376452039,-0.8849739786004013,1.5
0.9375,30.42857142857143,0.6615620212479012,-1.1310822307614234,1.5
0.9375,31.25510204081633,0.6569889426855136,-1.1132801445785852,1.5
0.9375,32.08163265306123,0.6530262472307761,-1.0863015078275073,1.5
0.9375,32.90816326530612,0.649720531497847,-1.046752351689988,1.5
0.9375,33.734693877551024,0.6471291568299015,-0.9880494132279719,1.5
0.9375,34.56122448979592,0.6453219369498011,-0.8898470010026643,1.5
0.9375,35.38775510204082,0.644382666470991,-0.6380240547489064,1.5
0.9375,36.214285714285715,0.6444099926336294,0.6698096005139946,1.5
0.9375,37.04081632653061,0.6455167311223017,0.9560207609812471,1.5
0.9375,37.86734693877551,0.6478261078292323,1.0952476890232714,1.5
0.9375,38.69387755102041,0.6514627704209026,1.2043562612014553,1.5
0.9375,39.52040816326531,0.6565362283609736,1.297992415288205,1.5
0.9375,40.3469387755102,0.6631156273218213,1.3781078292092053,1.5
0.9375,41.173469387755105,0.671198797599103,0.9769892147856156,1.5
0.9375,42.0,0.680685065360033,1.4865728662398328,1.5
0.9583333333333333,1.5,0.756316960115957,4.390791977853345,1.5
0.9583333333333333,2.326530612244898,0.8996601348074773,4.058312926324561,1.5
0.9583333333333333,3.1530612244897958,0.9649277926967375,3.404812295964304,1.5
0.9583333333333333,3.979591836734694,0.9921401024429195,2.7901584704272033,1.5
0.9583333333333333,4.8061224489795915,0.9998926702736975,2.27089073968492,1.5
0.9583333333333333,5.63265306122449,0.9970924943627925,1.832427603310417,1.5
0.9583333333333333,6.459183673469388,0.9883196777055538,1.4522869559555551,1.5
0.9583333333333333,7.285714285714286,0.9760938243802597,1.1189511722334124,1.5
0.9583333333333333,8.112244897959183,0.9618812079027322,0.823181863462484,1.5
0.9583333333333333,8.938775510204081,0.946574303975952,0.5614546123120773,1.5
0.9583333333333333,9.76530612244898,0.9307355984212934,0.3301201944485315,1.5
0.9583333333333333,10.591836734693878,0.9147289336305291,0.12642585182582744,1.5
0.9583333333333333,11.418367346938776,0.8987939172093868,-0.05058005895859558,1.5
0.9583333333333333,12.244897959183675,0.8830899602499129,-0.20548066142187446,1.5
0.9583333333333333,13.071428571428571,0.8677233574108465,-0.3420341761757676,1.5
0.9583333333333333,13.89795918367347,0.8527645067407974,-0.4575885927912039,1.5
0.9583333333333333,14.724489795918368,0.838259186277606,-0.5608146374242466,1.5
0.9583333333333333,15.551020408163266,0.8242361309186437,-0.6489864832720597,1.5
0.9583333333333333,16.377551020408163,0.810712241078773,-0.7257899987700678,1.5
0.9583333333333333,17.20408163265306,0.7976962360202986,-0.7925210964193546,1.5
0.9583333333333333,18.03061224489796,0.785191265029309,-0.8506377947134408,1.5
0.9583333333333333,18.857142857142858,0.7731967993232445,-0.41300861921621324,1.5
0.9583333333333333,19.683673469387756,0.7617100827240318,-0.9466663368403149,1.5
0.9583333333333333,20.510204081632654,0.7507271166603893,-0.9863371532077231,1.5
0.9583333333333333,21.336734693877553,0.7402435738967409,-1.019853587671113,1.5
0.9583333333333333,22.16326530612245,0.7302554180383126,-0.6485444795375885,1.5
0.9583333333333333,22.98979591836735,0.720759513384466,-1.0741117698921663,1.5
0.9583333333333333,23.816326530612244,0.7117540442522203,-1.0953803277466012,1.5
0.9583333333333333,24.642857142857142,0.7032390632220017,-1.1128386812553754,1.5
0.9583333333333333,25.46938775510204,0.6952169218480548,-1.126174313576019,1.5
0.9583333333333333,26.29591836734694,0.6876927773877891,-1.1354336719051108,1.5
0.9583333333333333,27.122448979591837,0.6806751476816855,-1.1410465312123486,1.5
0.9583333333333333,27.948979591836736,0.674176543392043,-0.8651523014137351,1.5
0.9583333333333333,28.775510204081634,0.6682142568804016,-1.1380468976173221,1.5
0.9583333333333333,29.602040816326532,0.6628111882173708,-0.8912583168850435,1.5
0.9583333333333333,30.42857142857143,0.6579970306182319,-1.1120527278798729,1.5
0.9583333333333333,31.25510204081633,0.6538094591403324,-0.9012100588655695,1.5
0.9583333333333333,32.08163265306123,0.6502957584385455,-1.049397649767796,1.5
0.9583333333333333,32.90816326530612,0.6475144592997334,-0.8920568162705287,1.5
0.9583333333333333,33.734693877551024,0.6455372924956442,-0.9049268229556973,1.5
0.9583333333333333,34.56122448979592,0.6444508433730712,-0.690706761263162,1.5
0.9583333333333333,35.38775510204082,0.6443577267270069,0.596281766411848,1.5
0.9583333333333333,36.214285714285715,0.6453760887907485,0.935904420875108,1.5
0.9583333333333333,37.04081632653061,0.647635925790522,1.081596286448525,1.5
0.9583333333333333,37.86734693877551,0.6512697689604582,1.1930798230777093,1.5
0.9583333333333333,38.69387755102041,0.6563950555192798,1.2882235673190936,1.5
0.9583333333333333,39.52040816326531,0.6630867742203844,1.3689167233742519,1.5
0.9583333333333333,40.3469387755102,0.6713434889344162,1.433361932602587,1.5
0.9583333333333333,41.173469387755105,0.6810573050304898,1.4777426687219999,1.5
0.9583333333333333,42.0,0.69200381714628,1.4972181079010387,1.5
0.9791666666666666,1.5,0.7633691083442287,4.377055521152887,1.5
0.9791666666666666,2.326530612244898,0.9047281240186058,4.011851138118978,1.5
0.9791666666666666,3.1530612244897958,0.9679372422115108,3.341092963249685,1.5
0.9791666666666666,3.979591836734694,0.9935119154051926,2.726614970286168,1.5
0.9791666666666666,4.8061224489795915,0.9999941727434933,2.208014499200318,1.5
0.9791666666666666,5.63265306122449,0.9961924960927755,1.7689824086671104,1.5
0.9791666666666666,6.459183673469388,0.9866131720338633,1.3904007134299725,1.5
0.9791666666666666,7.285714285714286,0.9737260511239201,1.0586211976756745,1.5
0.9791666666666666,8.112244897959183,0.9589639673615811,0.7649210343193937,1.5
0.9791666666666666,8.938775510204081,0.943196368937057,0.5046932885826158,1.5
0.9791666666666666,9.76530612244898,0.9269693674492924,0.2760026527077447,1.5
0.9791666666666666,10.591836734693878,0.910634772679063,0.07565139779325596,1.5
0.9791666666666666,11.418367346938776,0.8944230772602629,-0.09736382227006965,1.5
0.9791666666666666,12.244897959183675,0.8784866054502298,-0.24903812166673103,1.5
0.9791666666666666,13.071428571428571,0.8629260265475017,-0.3813689106323044,1.5
0.9791666666666666,13.89795918367347,0.8478072054205253,-0.4950455385746157,1.5
0.9791666666666666,14.724489795918368,0.8331722323234445,-0.5912590500677024,1.5
0.9791666666666666,15.551020408163266,0.8190468314211446,-0.6774860895366672,1.5
0.9791666666666666,16.377551020408163,0.8054454512523834,-0.7513390892175087,1.5
0.9791666666666666,17.20408163265306,0.7923748350942921,-0.8144801063157353,1.5
0.9791666666666666,18.03061224489796,0.779836573034163,-0.8699687191226392,1.5
0.9791666666666666,18.857142857142858,0.7678289613072364,-0.91867949724511,1.5
0.9791666666666666,19.683673469387756,0.7563483850210732,-0.9622489199430535,1.5
0.9791666666666666,20.510204081632654,0.745390371670627,-0.9982367700276155,1.5
0.9791666666666666,21.336734693877553,0.7349504190760211,-1.030383236481464,1.5
0.9791666666666666,22.16326530612245,0.7250246719479767,-1.0574582777723258,1.5
0.9791666666666666,22.98979591836735,0.7156105037352233,-1.0814650802343309,1.5
0.9791666666666666,23.816326530612244,0.7067070473326845,-1.100012417496155,1.5
0.9791666666666666,24.642857142857142,0.6983156986570074,-0.45985643528078063,1.5
0.9791666666666666,25.46938775510204,0.6904407182814981,-1.1259689385851082,1.5
0.9791666666666666,26.29591836734694,0.6830896844834531,-1.1331619951286838,1.5
0.9791666666666666,27.122448979591837,0.6762742866528821,-0.8579366278067088,1.5
0.9791666666666666,27.948979591836736,0.6700110710555983,-0.874149536587742,1.5
0.9791666666666666,28.775510204081634,0.6643223434680929,-0.6106683788116002,1.5
0.9791666666666666,29.602040816326532,0.6592373604281084,-1.1108629052338272,1.5
0.9791666666666666,30.42857142857143,0.6547935976301326,-1.0881248796027654,1.5
0.9791666666666666,31.25510204081633,0.6510384556494082,-1.0537616723975813,1.5
0.9791666666666666,32.08163265306123,0.6480310648112647,-1.0027909748666384,1.5
0.9791666666666666,32.90816326530612,0.64584432632579,-0.9198547141337841,1.5
0.9791666666666666,33.734693877551024,0.6445668852895596,-0.7426554434022304,1.5
0.9791666666666666,34.56122448979592,0.6443045430653497,0.4499849068025575,1.5
0.9791666666666666,35.38775510204082,0.6451801216625376,0.9054431315100225,1.5
0.9791666666666666,36.214285714285715,0.6473300707400838,1.0631811527301565,1.5
0.9791666666666666,37.04081632653061,0.6508951683105755,1.1778662256105215,1.5
0.9791666666666666,37.86734693877551,0.6560022431138218,0.9549985998509998,1.5
0.9791666666666666,38.69387755102041,0.6627350725093522,1.3575816212311935,1.5
0.9791666666666666,39.52040816326531,0.6710972494745786,1.422700386416249,1.5
0.9791666666666666,40.3469387755102,0.6809786792307729,1.4671083522380193,1.5
0.9791666666666666,41.173469387755105,0.6921435389442279,1.486622740664276,1.5
0.9791666666666666,42.0,0.7042530417771008,1.4808175721043655,1.5
1.0,1.5,0.7702116990788261,4.364599825015394,1.5
1.0,2.326530612244898,0.9095628857497919,3.9592159512991922,1.5
1.0,3.1530612244897958,0.9707460918838854,3.283525694958727,1.5
1.0,3.979591836734694,0.9947234975447999,2.6640465256798116,1.5
1.0,4.8061224489795915,0.9999714906210246,2.146303505728158,1.5
1.0,5.63265306122449,0.9951986343410211,1.70868212986299,1.5
1.0,6.459183673469388,0.9848382978440935,1.332364995962506,1.5
1.0,7.285714285714286,0.9713116930627345,1.000356087351374,1.5
1.0,8.112244897959183,0.9560191194446812,0.7077722991389735,1.5
1.0,8.938775510204081,0.9398076620475967,0.4505977231514899,1.5
1.0,9.76530612244898,0.9232075316907955,0.22377598344393532,1.5
1.0,10.591836734693878,0.9065588425293021,0.027670500435476614,1.5
1.0,11.418367346938776,0.8900832162025442,-0.14401089164718578,1.5
1.0,12.244897959183675,0.8739260726450432,-0.2898953573619121,1.5
1.0,13.071428571428571,0.858182598914992,-0.41859862975910794,1.5
1.0,13.89795918367347,0.8429142452488434,-0.5277954993632394,1.5
1.0,14.724489795918368,0.8281595185981498,-0.622688858427367,1.5
1.0,15.551020408163266,0.8139412293702427,-0.7040664674619089,1.5
1.0,16.377551020408163,0.8002714695214981,-0.7733395205910444,1.5
1.0,17.20408163265306,0.7871551035336537,-0.8350392123601668,1.5
1.0,18.03061224489796,0.7745922649358145,-0.8880053041514724,1.5
1.0,18.857142857142858,0.7625801783526208,-0.9346878663933632,1.5
1.0,19.683673469387756,0.7511145113290669,-0.5426203987371072,1.5
1.0,20.510204081632654,0.7401904583150303,-1.0095509538157987,1.5
1.0,21.336734693877553,0.7298034900113166,-1.0391634130172507,1.5
1.0,22.16326530612245,0.719950125399737,-1.0646760078062765,1.5
1.0,22.98979591836735,0.7106284878034997,-0.39900026374693665,1.5
1.0,23.816326530612244,0.7018389542112358,-1.1030938339386283,1.5
1.0,24.642857142857142,0.6935845989417732,-1.1161189543091732,1.5
1.0,25.46938775510204,0.6858719467146309,-1.124902758201749,1.5
1.0,26.29591836734694,0.6787116005694416,-1.1291172554221194,1.5
1.0,27.122448979591837,0.6721190652410505,-1.1287644012240532,1.5
1.0,27.948979591836736,0.6661157125486692,-1.1227846396096681,1.5
1.0,28.775510204081634,0.6607299459494697,-1.110559776394396,1.5
1.0,29.602040816326532,0.6559986073361362,-1.089970712187788,1.5
1.0,30.42857142857143,0.6519686613906723,-1.0587852447420467,1.5
1.0,31.25510204081633,0.6486991641577488,-1.0122200967912725,1.5
1.0,32.08163265306123,0.6462634565493097,-0.9385646458065825,1.5
1.0,32.90816326530612,0.6447513796461526,-0.791636526808168,1.5
1.0,33.734693877551024,0.6442710309007275,0.11508721143566372,1.5
1.0,34.56122448979592,0.644949076889033,0.8643334671710858,1.5
1.0,35.38775510204082,0.6469278789465521,1.0380727961138865,1.5
1.0,36.214285714285715,0.6503565896222879,1.1586677319047773,1.5
1.0,37.04081632653061,0.655372760929447,1.2582643237272222,1.5
1.0,37.86734693877551,0.6620719195207858,1.34284884658327,1.5
1.0,38.69387755102041,0.6704675061766484,1.4100070134683331,1.5
1.0,39.52040816326531,0.6804529975536134,1.455705293710977,1.5
1.0,40.3469387755102,0.6917863530753466,1.476298243611435,1.5
1.0,41.173469387755105,0.704112679073681,1.47050556306664,1.5
1.0,42.0,0.7170205991248708,1.4394567877491034,1.5
